order_id,order_date,customer_id,region,category,product_name,channel,quantity,unit_price,discount_amount,payment_method,is_returned
ORD-000001,2026-01-01,CUST-0378,서울,전자기기,무선이어폰,store,2,79000,0,card,false
ORD-000002,2026-01-01,CUST-0120,광주,식품,비타민음료,store,1,6000,0,card,false
ORD-000003,2026-01-01,CUST-0143,인천,식품,간편식,web,2,26000,1000,bank_transfer,true
ORD-000004,2026-01-01,CUST-0491,인천,스포츠,러닝벨트,mobile,3,39000,0,card,false
ORD-000005,2026-01-01,CUST-0136,인천,전자기기,모니터,web,3,25000,0,coupon,true
ORD-000006,2026-01-01,CUST-0425,대전,식품,커피,store,1,26000,2000,point,false
ORD-000007,2026-01-01,CUST-0396,부산,식품,간편식,web,1,6000,5000,bank_transfer,false
ORD-000008,2026-01-01,CUST-0084,부산,전자기기,모니터,mobile,4,79000,5000,bank_transfer,false
ORD-000009,2026-01-01,CUST-0274,대전,스포츠,운동밴드,web,5,12000,5000,bank_transfer,false
ORD-000010,2026-01-01,CUST-0432,인천,생활용품,청소도구,web,5,23000,0,bank_transfer,false
ORD-000011,2026-01-01,CUST-0468,광주,전자기기,마우스,store,3,150000,0,point,false
ORD-000012,2026-01-01,CUST-0072,경기,도서,네트워크실습,store,4,35000,0,point,false
ORD-000013,2026-01-01,CUST-0261,대구,스포츠,러닝벨트,web,3,59000,0,card,false
ORD-000014,2026-01-01,CUST-0198,대구,전자기기,키보드,store,4,45000,2000,coupon,false
ORD-000015,2026-01-01,CUST-0385,부산,식품,견과류,store,1,6000,5000,point,true
ORD-000016,2026-01-01,CUST-0489,대전,전자기기,마우스,store,2,150000,1000,point,false
ORD-000017,2026-01-01,CUST-0312,경기,식품,간편식,web,3,6000,5000,point,true
ORD-000018,2026-01-01,CUST-0476,부산,도서,클라우드입문,mobile,4,28000,0,bank_transfer,false
ORD-000019,2026-01-01,CUST-0418,서울,전자기기,키보드,store,1,320000,0,bank_transfer,false
ORD-000020,2026-01-01,CUST-0217,경기,도서,네트워크실습,store,3,22000,2000,bank_transfer,true
ORD-000021,2026-01-01,CUST-0232,서울,스포츠,운동밴드,web,3,59000,1000,bank_transfer,true
ORD-000022,2026-01-01,CUST-0302,경기,전자기기,마우스,web,5,25000,2000,card,false
ORD-000023,2026-01-01,CUST-0037,광주,스포츠,요가매트,web,1,24000,0,point,false
ORD-000024,2026-01-01,CUST-0296,대구,스포츠,러닝벨트,web,5,24000,0,coupon,true
ORD-000025,2026-01-01,CUST-0182,대구,생활용품,텀블러,mobile,1,9000,5000,coupon,false
ORD-000026,2026-01-01,CUST-0410,인천,스포츠,요가매트,web,1,12000,1000,bank_transfer,false
ORD-000027,2026-01-01,CUST-0143,대구,도서,파이썬기초,web,2,35000,1000,card,false
ORD-000028,2026-01-01,CUST-0475,인천,생활용품,수납박스,web,5,9000,0,bank_transfer,false
ORD-000029,2026-01-01,CUST-0085,대구,생활용품,청소도구,web,2,37000,1000,coupon,false
ORD-000030,2026-01-01,CUST-0339,대전,패션,가방,mobile,4,89000,5000,bank_transfer,true
ORD-000031,2026-01-01,CUST-0032,대전,도서,보안개론,mobile,1,22000,2000,card,true
ORD-000032,2026-01-01,CUST-0030,광주,전자기기,USB허브,web,5,150000,2000,bank_transfer,false
ORD-000033,2026-01-01,CUST-0483,광주,전자기기,USB허브,web,2,25000,1000,card,false
ORD-000034,2026-01-01,CUST-0162,부산,식품,커피,web,5,26000,2000,point,true
ORD-000035,2026-01-01,CUST-0235,부산,도서,보안개론,web,2,35000,5000,card,false
ORD-000036,2026-01-01,CUST-0136,경기,생활용품,수납박스,mobile,5,9000,0,card,true
ORD-000037,2026-01-01,CUST-0361,부산,도서,보안개론,store,2,28000,1000,card,true
ORD-000038,2026-01-01,CUST-0456,서울,스포츠,운동밴드,store,2,12000,0,bank_transfer,false
ORD-000039,2026-01-01,CUST-0259,대구,패션,자켓,mobile,3,49000,0,card,false
ORD-000040,2026-01-01,CUST-0395,경기,전자기기,모니터,store,1,79000,0,point,false
ORD-000041,2026-01-02,CUST-0039,대전,스포츠,러닝벨트,web,5,59000,0,card,false
ORD-000042,2026-01-02,CUST-0187,인천,패션,운동화,web,2,129000,0,point,false
ORD-000043,2026-01-02,CUST-0499,광주,도서,파이썬기초,store,3,15000,2000,bank_transfer,false
ORD-000044,2026-01-02,CUST-0378,부산,도서,파이썬기초,mobile,4,22000,0,bank_transfer,false
ORD-000045,2026-01-02,CUST-0114,경기,패션,운동화,mobile,4,19000,0,point,false
ORD-000046,2026-01-02,CUST-0205,부산,패션,운동화,mobile,1,49000,5000,card,false
ORD-000047,2026-01-02,CUST-0060,부산,패션,자켓,web,5,129000,0,point,false
ORD-000048,2026-01-02,CUST-0224,광주,전자기기,무선이어폰,store,4,320000,0,card,false
ORD-000049,2026-01-02,CUST-0001,광주,생활용품,텀블러,store,1,23000,5000,bank_transfer,false
ORD-000050,2026-01-02,CUST-0340,인천,패션,가방,web,3,19000,2000,point,false
ORD-000051,2026-01-02,CUST-0284,경기,식품,견과류,web,3,26000,1000,coupon,false
ORD-000052,2026-01-02,CUST-0208,광주,스포츠,러닝벨트,web,5,24000,2000,point,false
ORD-000053,2026-01-02,CUST-0239,대구,패션,운동화,mobile,5,129000,2000,bank_transfer,false
ORD-000054,2026-01-02,CUST-0340,대전,식품,비타민음료,store,1,11000,0,point,true
ORD-000055,2026-01-02,CUST-0013,서울,전자기기,키보드,web,2,79000,0,coupon,false
ORD-000056,2026-01-02,CUST-0100,대전,식품,커피,store,4,26000,5000,coupon,true
ORD-000057,2026-01-02,CUST-0458,인천,생활용품,청소도구,web,2,15000,5000,coupon,false
ORD-000058,2026-01-02,CUST-0470,인천,도서,파이썬기초,web,1,35000,2000,coupon,false
ORD-000059,2026-01-02,CUST-0219,인천,도서,네트워크실습,store,4,28000,2000,coupon,true
ORD-000060,2026-01-02,CUST-0393,인천,도서,네트워크실습,store,3,35000,0,coupon,false
ORD-000061,2026-01-02,CUST-0121,부산,스포츠,덤벨,mobile,4,39000,0,point,false
ORD-000062,2026-01-02,CUST-0356,경기,식품,커피,store,2,11000,0,bank_transfer,false
ORD-000063,2026-01-02,CUST-0213,서울,전자기기,모니터,web,3,150000,2000,coupon,false
ORD-000064,2026-01-02,CUST-0153,인천,생활용품,수납박스,mobile,4,37000,0,coupon,false
ORD-000065,2026-01-02,CUST-0249,서울,식품,간편식,mobile,2,26000,0,point,false
ORD-000066,2026-01-03,CUST-0274,서울,스포츠,러닝벨트,mobile,4,24000,0,card,true
ORD-000067,2026-01-03,CUST-0134,대구,전자기기,모니터,mobile,4,45000,0,bank_transfer,false
ORD-000068,2026-01-03,CUST-0130,인천,생활용품,책상조명,web,4,23000,0,coupon,false
ORD-000069,2026-01-03,CUST-0400,대전,전자기기,USB허브,web,3,25000,0,card,false
ORD-000070,2026-01-03,CUST-0065,대구,도서,파이썬기초,store,5,15000,0,card,false
ORD-000071,2026-01-03,CUST-0311,광주,식품,간편식,store,3,26000,0,card,false
ORD-000072,2026-01-03,CUST-0295,대전,도서,보안개론,mobile,5,15000,0,coupon,false
ORD-000073,2026-01-03,CUST-0053,대전,스포츠,덤벨,mobile,5,12000,5000,card,false
ORD-000074,2026-01-03,CUST-0036,광주,식품,커피,store,5,18000,1000,point,false
ORD-000075,2026-01-03,CUST-0326,인천,전자기기,모니터,mobile,1,150000,1000,bank_transfer,false
ORD-000076,2026-01-03,CUST-0239,대구,생활용품,텀블러,store,5,23000,2000,point,false
ORD-000077,2026-01-03,CUST-0385,대구,패션,운동화,store,3,19000,1000,coupon,false
ORD-000078,2026-01-03,CUST-0109,부산,패션,티셔츠,mobile,3,129000,0,point,false
ORD-000079,2026-01-03,CUST-0124,대전,패션,자켓,mobile,5,19000,0,coupon,false
ORD-000080,2026-01-03,CUST-0048,부산,식품,간편식,web,4,26000,1000,coupon,false
ORD-000081,2026-01-03,CUST-0284,광주,스포츠,덤벨,mobile,5,39000,0,coupon,false
ORD-000082,2026-01-03,CUST-0129,경기,스포츠,운동밴드,web,4,39000,0,bank_transfer,false
ORD-000083,2026-01-03,CUST-0142,대전,패션,티셔츠,store,2,49000,0,point,false
ORD-000084,2026-01-03,CUST-0155,서울,전자기기,키보드,store,2,79000,0,bank_transfer,false
ORD-000085,2026-01-03,CUST-0327,인천,패션,티셔츠,mobile,5,19000,0,card,false
ORD-000086,2026-01-03,CUST-0175,경기,전자기기,USB허브,web,4,79000,1000,point,false
ORD-000087,2026-01-03,CUST-0296,대전,생활용품,수납박스,store,4,9000,1000,card,false
ORD-000088,2026-01-03,CUST-0286,인천,도서,파이썬기초,mobile,1,28000,0,bank_transfer,false
ORD-000089,2026-01-03,CUST-0220,부산,식품,비타민음료,store,4,26000,0,card,true
ORD-000090,2026-01-03,CUST-0081,경기,식품,커피,web,2,11000,0,card,false
ORD-000091,2026-01-03,CUST-0241,부산,도서,클라우드입문,web,4,35000,5000,bank_transfer,true
ORD-000092,2026-01-03,CUST-0474,부산,패션,자켓,store,1,129000,5000,bank_transfer,false
ORD-000093,2026-01-03,CUST-0037,서울,생활용품,수납박스,web,2,15000,0,point,false
ORD-000094,2026-01-03,CUST-0359,대구,식품,견과류,mobile,1,26000,1000,coupon,false
ORD-000095,2026-01-03,CUST-0310,부산,생활용품,수납박스,web,4,9000,5000,card,false
ORD-000096,2026-01-03,CUST-0241,광주,도서,클라우드입문,store,5,28000,0,coupon,false
ORD-000097,2026-01-03,CUST-0179,대구,패션,운동화,mobile,4,129000,0,point,false
ORD-000098,2026-01-03,CUST-0148,대전,스포츠,요가매트,mobile,3,24000,1000,card,false
ORD-000099,2026-01-03,CUST-0497,인천,생활용품,수납박스,mobile,3,23000,0,card,false
ORD-000100,2026-01-03,CUST-0186,광주,스포츠,러닝벨트,mobile,1,59000,0,coupon,true
ORD-000101,2026-01-03,CUST-0225,대전,전자기기,키보드,mobile,5,79000,0,card,false
ORD-000102,2026-01-03,CUST-0008,광주,전자기기,USB허브,mobile,2,45000,0,card,true
ORD-000103,2026-01-03,CUST-0256,대전,도서,클라우드입문,mobile,1,35000,5000,point,false
ORD-000104,2026-01-03,CUST-0075,대구,생활용품,청소도구,web,2,37000,1000,bank_transfer,true
ORD-000105,2026-01-03,CUST-0421,서울,전자기기,마우스,mobile,3,150000,2000,point,false
ORD-000106,2026-01-03,CUST-0177,부산,식품,비타민음료,store,4,11000,2000,coupon,false
ORD-000107,2026-01-04,CUST-0439,인천,패션,운동화,mobile,5,49000,1000,card,false
ORD-000108,2026-01-04,CUST-0254,서울,패션,가방,web,4,129000,5000,point,false
ORD-000109,2026-01-04,CUST-0370,경기,전자기기,모니터,mobile,5,25000,1000,bank_transfer,false
ORD-000110,2026-01-04,CUST-0333,서울,전자기기,모니터,mobile,3,79000,2000,coupon,false
ORD-000111,2026-01-04,CUST-0324,대전,패션,가방,mobile,5,19000,0,bank_transfer,false
ORD-000112,2026-01-04,CUST-0228,경기,스포츠,요가매트,store,1,59000,5000,point,false
ORD-000113,2026-01-04,CUST-0192,대구,전자기기,무선이어폰,web,1,79000,0,bank_transfer,false
ORD-000114,2026-01-04,CUST-0313,인천,식품,비타민음료,mobile,2,11000,0,bank_transfer,false
ORD-000115,2026-01-04,CUST-0236,부산,생활용품,텀블러,store,4,15000,5000,card,false
ORD-000116,2026-01-04,CUST-0301,부산,생활용품,책상조명,store,1,15000,1000,coupon,false
ORD-000117,2026-01-04,CUST-0437,대구,스포츠,운동밴드,web,3,59000,0,bank_transfer,false
ORD-000118,2026-01-04,CUST-0141,서울,생활용품,책상조명,store,3,23000,0,card,false
ORD-000119,2026-01-04,CUST-0113,대전,식품,비타민음료,web,2,18000,2000,point,false
ORD-000120,2026-01-04,CUST-0018,광주,스포츠,덤벨,mobile,1,12000,0,bank_transfer,false
ORD-000121,2026-01-04,CUST-0068,인천,전자기기,마우스,store,4,79000,0,point,false
ORD-000122,2026-01-04,CUST-0383,인천,식품,견과류,mobile,3,11000,1000,card,false
ORD-000123,2026-01-04,CUST-0496,인천,생활용품,수납박스,store,2,15000,5000,point,false
ORD-000124,2026-01-04,CUST-0233,부산,전자기기,모니터,store,3,25000,2000,point,false
ORD-000125,2026-01-04,CUST-0242,서울,식품,비타민음료,store,1,18000,5000,point,false
ORD-000126,2026-01-04,CUST-0333,대구,식품,간편식,web,4,6000,5000,bank_transfer,false
ORD-000127,2026-01-04,CUST-0121,광주,전자기기,무선이어폰,web,4,79000,0,coupon,false
ORD-000128,2026-01-04,CUST-0454,대구,생활용품,책상조명,store,5,37000,5000,card,false
ORD-000129,2026-01-04,CUST-0112,대구,생활용품,청소도구,mobile,1,23000,5000,bank_transfer,false
ORD-000130,2026-01-04,CUST-0032,대구,패션,티셔츠,mobile,5,89000,5000,bank_transfer,false
ORD-000131,2026-01-04,CUST-0498,서울,전자기기,모니터,web,2,25000,5000,point,true
ORD-000132,2026-01-04,CUST-0301,경기,도서,파이썬기초,web,1,22000,2000,point,false
ORD-000133,2026-01-04,CUST-0129,인천,도서,클라우드입문,web,2,28000,0,card,true
ORD-000134,2026-01-04,CUST-0302,부산,스포츠,요가매트,web,1,24000,0,bank_transfer,false
ORD-000135,2026-01-04,CUST-0382,서울,패션,티셔츠,mobile,4,49000,2000,coupon,false
ORD-000136,2026-01-04,CUST-0023,대전,패션,티셔츠,store,5,129000,0,point,true
ORD-000137,2026-01-04,CUST-0352,서울,생활용품,수납박스,mobile,4,9000,1000,coupon,false
ORD-000138,2026-01-04,CUST-0065,부산,전자기기,무선이어폰,store,5,79000,0,point,false
ORD-000139,2026-01-04,CUST-0051,인천,생활용품,책상조명,store,5,37000,2000,card,false
ORD-000140,2026-01-04,CUST-0174,인천,스포츠,덤벨,mobile,4,59000,0,coupon,false
ORD-000141,2026-01-05,CUST-0192,경기,스포츠,요가매트,store,4,39000,0,coupon,false
ORD-000142,2026-01-05,CUST-0382,대전,전자기기,무선이어폰,mobile,1,25000,1000,bank_transfer,false
ORD-000143,2026-01-05,CUST-0448,대전,식품,커피,mobile,1,18000,1000,card,false
ORD-000144,2026-01-05,CUST-0109,경기,패션,자켓,store,1,89000,2000,coupon,true
ORD-000145,2026-01-05,CUST-0391,부산,도서,클라우드입문,store,5,28000,0,bank_transfer,false
ORD-000146,2026-01-05,CUST-0360,인천,생활용품,수납박스,mobile,1,23000,0,point,false
ORD-000147,2026-01-05,CUST-0036,경기,패션,티셔츠,store,2,49000,2000,card,false
ORD-000148,2026-01-05,CUST-0175,경기,전자기기,USB허브,mobile,4,45000,1000,point,false
ORD-000149,2026-01-05,CUST-0387,광주,스포츠,운동밴드,web,1,12000,0,card,false
ORD-000150,2026-01-05,CUST-0213,부산,패션,가방,web,4,129000,2000,card,false
ORD-000151,2026-01-05,CUST-0250,광주,패션,가방,store,3,19000,5000,point,true
ORD-000152,2026-01-05,CUST-0105,부산,전자기기,키보드,web,5,150000,0,bank_transfer,false
ORD-000153,2026-01-05,CUST-0383,대구,패션,자켓,web,1,89000,0,bank_transfer,false
ORD-000154,2026-01-05,CUST-0224,서울,생활용품,텀블러,mobile,1,23000,1000,card,false
ORD-000155,2026-01-05,CUST-0208,서울,패션,가방,mobile,4,129000,0,bank_transfer,false
ORD-000156,2026-01-05,CUST-0125,대구,식품,비타민음료,store,1,18000,1000,coupon,false
ORD-000157,2026-01-05,CUST-0114,부산,식품,커피,web,3,26000,5000,card,false
ORD-000158,2026-01-05,CUST-0121,서울,식품,커피,web,3,11000,0,point,false
ORD-000159,2026-01-05,CUST-0238,인천,도서,파이썬기초,store,1,22000,0,coupon,false
ORD-000160,2026-01-05,CUST-0241,대구,스포츠,운동밴드,store,2,39000,1000,point,false
ORD-000161,2026-01-05,CUST-0237,대구,패션,티셔츠,web,5,89000,0,card,false
ORD-000162,2026-01-05,CUST-0260,대구,패션,자켓,mobile,1,19000,2000,card,true
ORD-000163,2026-01-05,CUST-0078,서울,생활용품,텀블러,mobile,5,23000,1000,card,true
ORD-000164,2026-01-05,CUST-0225,광주,패션,티셔츠,store,1,49000,0,bank_transfer,false
ORD-000165,2026-01-05,CUST-0348,광주,패션,자켓,web,4,89000,1000,point,false
ORD-000166,2026-01-05,CUST-0146,부산,전자기기,마우스,store,5,25000,5000,bank_transfer,false
ORD-000167,2026-01-05,CUST-0067,광주,패션,티셔츠,store,3,49000,0,card,false
ORD-000168,2026-01-05,CUST-0048,대전,패션,가방,store,2,89000,5000,coupon,true
ORD-000169,2026-01-05,CUST-0487,경기,식품,견과류,mobile,3,6000,0,coupon,false
ORD-000170,2026-01-05,CUST-0433,인천,도서,파이썬기초,web,2,22000,0,card,false
ORD-000171,2026-01-05,CUST-0084,경기,스포츠,운동밴드,store,5,24000,1000,bank_transfer,false
ORD-000172,2026-01-05,CUST-0497,대구,스포츠,러닝벨트,store,4,12000,0,point,false
ORD-000173,2026-01-05,CUST-0495,인천,스포츠,러닝벨트,mobile,5,24000,0,bank_transfer,false
ORD-000174,2026-01-06,CUST-0271,대구,스포츠,러닝벨트,web,3,59000,1000,bank_transfer,true
ORD-000175,2026-01-06,CUST-0448,부산,식품,간편식,store,1,18000,5000,card,false
ORD-000176,2026-01-06,CUST-0231,광주,스포츠,요가매트,web,1,39000,0,coupon,false
ORD-000177,2026-01-06,CUST-0028,대구,전자기기,키보드,store,3,150000,0,point,false
ORD-000178,2026-01-06,CUST-0164,서울,도서,네트워크실습,store,3,15000,0,point,false
ORD-000179,2026-01-06,CUST-0389,대전,도서,파이썬기초,mobile,3,15000,1000,coupon,false
ORD-000180,2026-01-06,CUST-0428,경기,식품,커피,store,1,6000,0,coupon,false
ORD-000181,2026-01-06,CUST-0123,대구,전자기기,마우스,store,3,45000,0,coupon,false
ORD-000182,2026-01-06,CUST-0324,광주,전자기기,무선이어폰,store,5,150000,2000,bank_transfer,false
ORD-000183,2026-01-06,CUST-0181,경기,스포츠,덤벨,store,4,39000,0,coupon,true
ORD-000184,2026-01-06,CUST-0260,인천,도서,클라우드입문,store,1,28000,2000,card,true
ORD-000185,2026-01-06,CUST-0383,서울,생활용품,청소도구,mobile,4,9000,0,card,false
ORD-000186,2026-01-06,CUST-0069,서울,패션,운동화,mobile,5,19000,5000,point,false
ORD-000187,2026-01-06,CUST-0416,경기,스포츠,덤벨,web,4,59000,5000,coupon,false
ORD-000188,2026-01-06,CUST-0162,부산,전자기기,마우스,store,1,45000,0,coupon,false
ORD-000189,2026-01-06,CUST-0147,부산,식품,비타민음료,web,1,18000,5000,point,false
ORD-000190,2026-01-06,CUST-0459,대구,패션,티셔츠,mobile,4,89000,1000,bank_transfer,false
ORD-000191,2026-01-06,CUST-0373,대구,생활용품,청소도구,web,5,23000,0,coupon,false
ORD-000192,2026-01-06,CUST-0168,대전,식품,간편식,mobile,3,18000,0,point,false
ORD-000193,2026-01-06,CUST-0022,대전,생활용품,청소도구,mobile,4,15000,0,coupon,false
ORD-000194,2026-01-06,CUST-0411,대전,패션,티셔츠,store,4,19000,0,bank_transfer,true
ORD-000195,2026-01-06,CUST-0035,경기,전자기기,키보드,store,4,320000,0,point,false
ORD-000196,2026-01-06,CUST-0486,부산,패션,가방,mobile,5,19000,0,coupon,false
ORD-000197,2026-01-06,CUST-0161,대전,전자기기,USB허브,mobile,5,45000,0,bank_transfer,false
ORD-000198,2026-01-06,CUST-0468,광주,전자기기,무선이어폰,web,4,45000,2000,point,false
ORD-000199,2026-01-06,CUST-0103,서울,패션,가방,web,5,49000,0,card,false
ORD-000200,2026-01-06,CUST-0342,부산,생활용품,텀블러,store,1,37000,5000,card,false
ORD-000201,2026-01-06,CUST-0407,부산,식품,견과류,store,2,18000,5000,bank_transfer,false
ORD-000202,2026-01-06,CUST-0185,광주,전자기기,키보드,store,2,45000,1000,point,false
ORD-000203,2026-01-06,CUST-0368,대전,생활용품,텀블러,mobile,1,9000,0,coupon,false
ORD-000204,2026-01-06,CUST-0231,대구,생활용품,수납박스,store,3,15000,5000,point,false
ORD-000205,2026-01-07,CUST-0426,서울,식품,간편식,store,4,11000,2000,bank_transfer,false
ORD-000206,2026-01-07,CUST-0178,광주,패션,운동화,mobile,3,49000,5000,card,false
ORD-000207,2026-01-07,CUST-0315,광주,패션,운동화,web,2,89000,5000,bank_transfer,false
ORD-000208,2026-01-07,CUST-0173,인천,식품,간편식,store,5,11000,5000,card,true
ORD-000209,2026-01-07,CUST-0393,광주,전자기기,무선이어폰,mobile,5,25000,0,card,false
ORD-000210,2026-01-07,CUST-0153,대구,생활용품,책상조명,web,4,23000,0,card,false
ORD-000211,2026-01-07,CUST-0175,광주,도서,네트워크실습,web,4,35000,1000,point,false
ORD-000212,2026-01-07,CUST-0264,광주,스포츠,운동밴드,web,4,39000,0,point,false
ORD-000213,2026-01-07,CUST-0073,서울,도서,네트워크실습,web,3,15000,1000,point,false
ORD-000214,2026-01-07,CUST-0370,부산,생활용품,청소도구,web,2,15000,0,bank_transfer,true
ORD-000215,2026-01-07,CUST-0047,대구,생활용품,청소도구,store,3,37000,1000,coupon,false
ORD-000216,2026-01-07,CUST-0254,광주,도서,파이썬기초,store,1,28000,0,coupon,false
ORD-000217,2026-01-07,CUST-0373,부산,패션,티셔츠,mobile,4,19000,0,point,false
ORD-000218,2026-01-07,CUST-0186,광주,전자기기,모니터,mobile,5,25000,2000,card,false
ORD-000219,2026-01-07,CUST-0061,경기,생활용품,청소도구,web,5,23000,5000,coupon,true
ORD-000220,2026-01-07,CUST-0261,대구,패션,자켓,store,2,89000,0,card,true
ORD-000221,2026-01-07,CUST-0234,경기,전자기기,무선이어폰,store,3,45000,1000,bank_transfer,true
ORD-000222,2026-01-07,CUST-0304,부산,패션,자켓,store,4,49000,2000,coupon,false
ORD-000223,2026-01-07,CUST-0345,서울,스포츠,운동밴드,mobile,1,59000,0,point,false
ORD-000224,2026-01-07,CUST-0296,경기,스포츠,요가매트,store,3,59000,5000,card,true
ORD-000225,2026-01-07,CUST-0397,인천,식품,비타민음료,mobile,5,11000,5000,bank_transfer,true
ORD-000226,2026-01-07,CUST-0098,서울,스포츠,덤벨,mobile,5,12000,5000,point,false
ORD-000227,2026-01-07,CUST-0397,광주,생활용품,텀블러,mobile,2,37000,1000,card,true
ORD-000228,2026-01-07,CUST-0270,대구,스포츠,덤벨,mobile,5,24000,0,bank_transfer,false
ORD-000229,2026-01-08,CUST-0099,경기,식품,견과류,mobile,3,18000,2000,point,false
ORD-000230,2026-01-08,CUST-0163,대구,도서,보안개론,mobile,2,28000,5000,point,false
ORD-000231,2026-01-08,CUST-0149,서울,패션,티셔츠,mobile,4,129000,0,card,false
ORD-000232,2026-01-08,CUST-0424,광주,패션,가방,mobile,4,89000,0,point,false
ORD-000233,2026-01-08,CUST-0116,대전,도서,클라우드입문,web,2,22000,0,card,true
ORD-000234,2026-01-08,CUST-0003,광주,전자기기,모니터,web,4,79000,0,coupon,false
ORD-000235,2026-01-08,CUST-0147,대전,스포츠,러닝벨트,web,2,59000,0,card,false
ORD-000236,2026-01-08,CUST-0479,서울,스포츠,덤벨,mobile,2,12000,1000,coupon,false
ORD-000237,2026-01-08,CUST-0309,서울,도서,보안개론,mobile,1,15000,0,point,true
ORD-000238,2026-01-08,CUST-0099,인천,생활용품,청소도구,web,5,15000,1000,point,false
ORD-000239,2026-01-08,CUST-0405,부산,도서,네트워크실습,store,2,28000,0,bank_transfer,false
ORD-000240,2026-01-08,CUST-0206,대전,도서,네트워크실습,web,5,35000,0,bank_transfer,false
ORD-000241,2026-01-08,CUST-0197,경기,도서,네트워크실습,mobile,2,28000,0,point,false
ORD-000242,2026-01-08,CUST-0355,경기,패션,자켓,web,3,19000,5000,card,false
ORD-000243,2026-01-08,CUST-0473,대전,생활용품,책상조명,mobile,4,15000,5000,card,true
ORD-000244,2026-01-08,CUST-0491,경기,스포츠,운동밴드,mobile,5,39000,0,bank_transfer,false
ORD-000245,2026-01-08,CUST-0411,대전,생활용품,책상조명,web,5,37000,1000,bank_transfer,true
ORD-000246,2026-01-08,CUST-0040,광주,스포츠,요가매트,web,5,59000,5000,card,false
ORD-000247,2026-01-08,CUST-0227,서울,식품,간편식,store,2,11000,0,bank_transfer,true
ORD-000248,2026-01-08,CUST-0233,경기,스포츠,러닝벨트,store,5,12000,1000,coupon,false
ORD-000249,2026-01-08,CUST-0203,부산,생활용품,수납박스,web,3,37000,5000,bank_transfer,false
ORD-000250,2026-01-08,CUST-0278,서울,식품,커피,web,4,6000,0,coupon,false
ORD-000251,2026-01-08,CUST-0192,대구,전자기기,마우스,mobile,2,150000,0,coupon,false
ORD-000252,2026-01-08,CUST-0276,대구,생활용품,수납박스,store,3,15000,0,bank_transfer,false
ORD-000253,2026-01-08,CUST-0345,대전,스포츠,덤벨,store,1,12000,0,coupon,false
ORD-000254,2026-01-08,CUST-0080,부산,식품,비타민음료,web,2,11000,1000,card,false
ORD-000255,2026-01-08,CUST-0035,서울,전자기기,모니터,store,1,320000,0,card,false
ORD-000256,2026-01-08,CUST-0120,광주,생활용품,수납박스,web,1,15000,1000,card,false
ORD-000257,2026-01-08,CUST-0307,인천,도서,보안개론,store,5,22000,0,point,true
ORD-000258,2026-01-08,CUST-0154,부산,도서,보안개론,web,5,22000,0,bank_transfer,false
ORD-000259,2026-01-08,CUST-0403,광주,스포츠,러닝벨트,mobile,1,59000,0,coupon,false
ORD-000260,2026-01-08,CUST-0243,경기,생활용품,텀블러,web,4,23000,0,point,true
ORD-000261,2026-01-08,CUST-0496,대구,스포츠,덤벨,store,1,59000,2000,bank_transfer,false
ORD-000262,2026-01-08,CUST-0473,대구,생활용품,텀블러,mobile,2,23000,0,card,false
ORD-000263,2026-01-09,CUST-0309,서울,스포츠,덤벨,web,3,12000,1000,bank_transfer,true
ORD-000264,2026-01-09,CUST-0490,서울,식품,간편식,web,2,26000,0,bank_transfer,false
ORD-000265,2026-01-09,CUST-0361,경기,스포츠,요가매트,mobile,2,59000,5000,bank_transfer,true
ORD-000266,2026-01-09,CUST-0333,부산,식품,견과류,mobile,4,18000,1000,point,true
ORD-000267,2026-01-09,CUST-0390,인천,패션,가방,mobile,1,129000,5000,bank_transfer,false
ORD-000268,2026-01-09,CUST-0380,경기,패션,자켓,web,1,129000,2000,point,false
ORD-000269,2026-01-09,CUST-0118,대구,식품,비타민음료,store,2,18000,0,bank_transfer,false
ORD-000270,2026-01-09,CUST-0236,경기,생활용품,책상조명,store,4,23000,5000,point,false
ORD-000271,2026-01-09,CUST-0269,서울,도서,파이썬기초,web,2,35000,2000,card,false
ORD-000272,2026-01-09,CUST-0005,경기,전자기기,모니터,store,2,45000,0,coupon,false
ORD-000273,2026-01-09,CUST-0273,광주,패션,티셔츠,mobile,4,129000,0,card,false
ORD-000274,2026-01-09,CUST-0258,인천,전자기기,USB허브,store,5,79000,0,coupon,false
ORD-000275,2026-01-09,CUST-0099,광주,도서,클라우드입문,store,5,15000,0,point,false
ORD-000276,2026-01-09,CUST-0236,광주,패션,자켓,web,1,129000,0,bank_transfer,false
ORD-000277,2026-01-09,CUST-0194,광주,패션,티셔츠,mobile,1,19000,1000,card,false
ORD-000278,2026-01-09,CUST-0331,인천,스포츠,요가매트,mobile,1,24000,1000,card,false
ORD-000279,2026-01-09,CUST-0244,부산,식품,커피,web,2,11000,5000,card,true
ORD-000280,2026-01-09,CUST-0493,경기,스포츠,운동밴드,store,2,12000,0,bank_transfer,false
ORD-000281,2026-01-09,CUST-0124,광주,스포츠,러닝벨트,mobile,3,12000,0,point,true
ORD-000282,2026-01-09,CUST-0028,서울,생활용품,텀블러,mobile,5,9000,5000,bank_transfer,false
ORD-000283,2026-01-09,CUST-0497,인천,전자기기,마우스,mobile,5,320000,2000,card,false
ORD-000284,2026-01-09,CUST-0284,대구,스포츠,운동밴드,mobile,4,59000,0,bank_transfer,false
ORD-000285,2026-01-09,CUST-0366,서울,스포츠,러닝벨트,web,5,12000,0,point,false
ORD-000286,2026-01-09,CUST-0055,서울,도서,네트워크실습,web,4,22000,0,point,false
ORD-000287,2026-01-09,CUST-0096,대구,생활용품,책상조명,mobile,1,23000,0,coupon,false
ORD-000288,2026-01-09,CUST-0306,광주,전자기기,무선이어폰,mobile,3,25000,2000,coupon,false
ORD-000289,2026-01-09,CUST-0464,경기,전자기기,마우스,store,4,150000,0,bank_transfer,true
ORD-000290,2026-01-09,CUST-0138,대구,스포츠,러닝벨트,web,2,24000,0,card,false
ORD-000291,2026-01-09,CUST-0401,서울,도서,네트워크실습,mobile,4,28000,0,point,false
ORD-000292,2026-01-09,CUST-0156,서울,도서,네트워크실습,mobile,4,22000,0,point,false
ORD-000293,2026-01-09,CUST-0418,인천,식품,비타민음료,store,4,18000,0,bank_transfer,false
ORD-000294,2026-01-09,CUST-0494,대구,패션,자켓,mobile,4,49000,0,point,false
ORD-000295,2026-01-09,CUST-0419,인천,스포츠,러닝벨트,mobile,3,24000,1000,point,false
ORD-000296,2026-01-09,CUST-0350,인천,전자기기,USB허브,store,5,45000,2000,card,false
ORD-000297,2026-01-09,CUST-0420,인천,스포츠,러닝벨트,mobile,4,24000,0,coupon,false
ORD-000298,2026-01-09,CUST-0367,대구,도서,보안개론,mobile,3,22000,5000,card,false
ORD-000299,2026-01-09,CUST-0279,서울,생활용품,청소도구,mobile,5,37000,2000,card,false
ORD-000300,2026-01-10,CUST-0331,대전,도서,보안개론,store,5,22000,0,coupon,true
ORD-000301,2026-01-10,CUST-0114,광주,패션,가방,store,1,19000,0,bank_transfer,false
ORD-000302,2026-01-10,CUST-0354,광주,생활용품,책상조명,web,4,37000,5000,point,true
ORD-000303,2026-01-10,CUST-0060,인천,전자기기,모니터,store,3,25000,1000,bank_transfer,false
ORD-000304,2026-01-10,CUST-0248,부산,패션,자켓,mobile,4,89000,0,card,true
ORD-000305,2026-01-10,CUST-0415,대전,생활용품,청소도구,web,1,23000,0,card,false
ORD-000306,2026-01-10,CUST-0283,경기,패션,티셔츠,mobile,2,49000,2000,coupon,false
ORD-000307,2026-01-10,CUST-0203,서울,생활용품,텀블러,store,2,37000,0,bank_transfer,false
ORD-000308,2026-01-10,CUST-0106,부산,생활용품,청소도구,store,1,37000,5000,card,false
ORD-000309,2026-01-10,CUST-0235,서울,식품,커피,mobile,3,11000,0,coupon,false
ORD-000310,2026-01-10,CUST-0059,부산,식품,견과류,mobile,5,26000,1000,coupon,true
ORD-000311,2026-01-10,CUST-0345,경기,식품,간편식,mobile,5,18000,2000,card,false
ORD-000312,2026-01-10,CUST-0262,대구,도서,보안개론,mobile,2,15000,0,bank_transfer,false
ORD-000313,2026-01-10,CUST-0356,대전,식품,비타민음료,web,2,26000,1000,bank_transfer,true
ORD-000314,2026-01-10,CUST-0318,서울,생활용품,책상조명,mobile,2,15000,0,card,false
ORD-000315,2026-01-10,CUST-0335,대구,생활용품,텀블러,mobile,4,15000,2000,coupon,true
ORD-000316,2026-01-10,CUST-0016,인천,생활용품,청소도구,web,2,37000,0,point,true
ORD-000317,2026-01-10,CUST-0400,대구,전자기기,마우스,store,5,45000,0,coupon,false
ORD-000318,2026-01-10,CUST-0278,인천,식품,커피,web,3,6000,2000,coupon,false
ORD-000319,2026-01-10,CUST-0153,인천,식품,간편식,web,1,26000,5000,coupon,false
ORD-000320,2026-01-10,CUST-0108,인천,패션,자켓,store,4,19000,0,point,false
ORD-000321,2026-01-10,CUST-0417,경기,스포츠,러닝벨트,web,5,24000,0,point,false
ORD-000322,2026-01-10,CUST-0149,광주,식품,견과류,mobile,3,11000,5000,card,false
ORD-000323,2026-01-11,CUST-0128,경기,생활용품,수납박스,store,2,23000,5000,point,false
ORD-000324,2026-01-11,CUST-0322,대구,도서,네트워크실습,mobile,2,35000,2000,coupon,false
ORD-000325,2026-01-11,CUST-0356,부산,전자기기,무선이어폰,mobile,5,150000,5000,coupon,false
ORD-000326,2026-01-11,CUST-0436,서울,패션,티셔츠,store,4,19000,5000,coupon,false
ORD-000327,2026-01-11,CUST-0425,부산,도서,네트워크실습,mobile,4,22000,0,bank_transfer,false
ORD-000328,2026-01-11,CUST-0321,인천,식품,비타민음료,mobile,1,18000,0,card,false
ORD-000329,2026-01-11,CUST-0104,대전,전자기기,키보드,web,4,150000,0,point,false
ORD-000330,2026-01-11,CUST-0191,대전,도서,보안개론,store,3,15000,0,bank_transfer,false
ORD-000331,2026-01-11,CUST-0361,서울,전자기기,모니터,web,2,79000,1000,bank_transfer,false
ORD-000332,2026-01-11,CUST-0349,대구,생활용품,수납박스,web,5,15000,0,card,true
ORD-000333,2026-01-11,CUST-0245,서울,스포츠,운동밴드,web,4,12000,5000,coupon,false
ORD-000334,2026-01-11,CUST-0071,대구,전자기기,무선이어폰,web,3,25000,0,bank_transfer,false
ORD-000335,2026-01-11,CUST-0226,부산,전자기기,USB허브,store,1,320000,2000,bank_transfer,false
ORD-000336,2026-01-11,CUST-0441,경기,스포츠,덤벨,web,5,59000,5000,card,false
ORD-000337,2026-01-11,CUST-0406,경기,도서,클라우드입문,web,3,35000,1000,point,false
ORD-000338,2026-01-11,CUST-0370,광주,스포츠,요가매트,mobile,5,24000,2000,card,true
ORD-000339,2026-01-11,CUST-0097,대전,스포츠,운동밴드,mobile,5,24000,2000,point,true
ORD-000340,2026-01-11,CUST-0124,대구,스포츠,요가매트,store,4,24000,1000,card,false
ORD-000341,2026-01-11,CUST-0441,인천,식품,커피,store,3,18000,0,coupon,false
ORD-000342,2026-01-11,CUST-0035,서울,패션,운동화,mobile,1,129000,0,bank_transfer,true
ORD-000343,2026-01-11,CUST-0393,대구,전자기기,무선이어폰,mobile,5,150000,0,coupon,true
ORD-000344,2026-01-11,CUST-0043,부산,전자기기,USB허브,web,5,320000,0,bank_transfer,false
ORD-000345,2026-01-11,CUST-0159,대전,도서,보안개론,mobile,5,35000,5000,bank_transfer,false
ORD-000346,2026-01-11,CUST-0314,광주,전자기기,키보드,web,4,25000,0,point,false
ORD-000347,2026-01-12,CUST-0360,서울,스포츠,덤벨,web,1,12000,5000,coupon,false
ORD-000348,2026-01-12,CUST-0376,서울,패션,자켓,web,3,49000,0,point,false
ORD-000349,2026-01-12,CUST-0322,서울,생활용품,책상조명,mobile,3,9000,5000,coupon,true
ORD-000350,2026-01-12,CUST-0189,경기,식품,견과류,mobile,4,6000,2000,card,false
ORD-000351,2026-01-12,CUST-0440,인천,식품,커피,web,5,11000,0,bank_transfer,false
ORD-000352,2026-01-12,CUST-0477,인천,전자기기,모니터,web,4,79000,0,coupon,false
ORD-000353,2026-01-12,CUST-0139,인천,도서,보안개론,web,4,22000,5000,point,false
ORD-000354,2026-01-12,CUST-0024,대구,전자기기,USB허브,web,2,25000,0,coupon,true
ORD-000355,2026-01-12,CUST-0005,부산,패션,자켓,web,1,89000,2000,point,false
ORD-000356,2026-01-12,CUST-0498,대구,식품,견과류,web,4,11000,0,bank_transfer,true
ORD-000357,2026-01-12,CUST-0178,대전,도서,클라우드입문,store,1,35000,0,card,true
ORD-000358,2026-01-12,CUST-0272,경기,패션,티셔츠,mobile,3,129000,0,coupon,false
ORD-000359,2026-01-12,CUST-0460,인천,전자기기,키보드,store,1,79000,0,coupon,false
ORD-000360,2026-01-12,CUST-0259,경기,스포츠,운동밴드,store,1,59000,2000,coupon,false
ORD-000361,2026-01-12,CUST-0122,부산,전자기기,USB허브,mobile,1,320000,1000,point,false
ORD-000362,2026-01-12,CUST-0039,경기,생활용품,책상조명,web,4,23000,0,card,false
ORD-000363,2026-01-12,CUST-0209,서울,도서,클라우드입문,store,4,22000,1000,point,false
ORD-000364,2026-01-12,CUST-0047,경기,도서,네트워크실습,store,4,28000,0,point,false
ORD-000365,2026-01-12,CUST-0365,경기,스포츠,요가매트,mobile,3,24000,0,coupon,false
ORD-000366,2026-01-12,CUST-0488,대구,식품,커피,mobile,3,18000,0,bank_transfer,false
ORD-000367,2026-01-12,CUST-0032,인천,전자기기,모니터,web,2,25000,0,bank_transfer,false
ORD-000368,2026-01-12,CUST-0133,인천,도서,네트워크실습,web,1,28000,2000,card,true
ORD-000369,2026-01-12,CUST-0063,서울,전자기기,키보드,mobile,2,150000,0,card,false
ORD-000370,2026-01-12,CUST-0350,대구,도서,네트워크실습,web,4,35000,0,point,false
ORD-000371,2026-01-12,CUST-0018,광주,도서,파이썬기초,store,3,28000,1000,bank_transfer,false
ORD-000372,2026-01-12,CUST-0032,서울,스포츠,운동밴드,mobile,4,59000,2000,coupon,false
ORD-000373,2026-01-12,CUST-0407,서울,도서,네트워크실습,mobile,5,22000,0,point,true
ORD-000374,2026-01-12,CUST-0199,부산,생활용품,청소도구,web,5,23000,2000,card,false
ORD-000375,2026-01-12,CUST-0272,부산,패션,운동화,store,3,19000,0,bank_transfer,false
ORD-000376,2026-01-12,CUST-0418,인천,도서,클라우드입문,store,2,22000,0,card,true
ORD-000377,2026-01-12,CUST-0304,부산,도서,네트워크실습,store,2,28000,0,point,false
ORD-000378,2026-01-12,CUST-0289,경기,식품,커피,mobile,5,18000,2000,point,false
ORD-000379,2026-01-12,CUST-0309,경기,도서,네트워크실습,web,1,15000,0,coupon,false
ORD-000380,2026-01-12,CUST-0368,경기,전자기기,마우스,mobile,2,320000,0,card,false
ORD-000381,2026-01-12,CUST-0441,부산,전자기기,키보드,web,2,320000,0,point,true
ORD-000382,2026-01-12,CUST-0070,경기,스포츠,러닝벨트,store,3,12000,0,coupon,false
ORD-000383,2026-01-12,CUST-0356,광주,스포츠,러닝벨트,mobile,2,39000,5000,bank_transfer,true
ORD-000384,2026-01-12,CUST-0066,경기,스포츠,덤벨,store,3,59000,5000,card,false
ORD-000385,2026-01-12,CUST-0472,인천,스포츠,러닝벨트,store,2,12000,2000,bank_transfer,false
ORD-000386,2026-01-12,CUST-0122,부산,스포츠,요가매트,mobile,2,59000,0,bank_transfer,false
ORD-000387,2026-01-12,CUST-0108,경기,스포츠,요가매트,store,4,39000,0,card,false
ORD-000388,2026-01-13,CUST-0376,대구,패션,티셔츠,web,1,19000,1000,coupon,false
ORD-000389,2026-01-13,CUST-0425,대구,생활용품,청소도구,store,5,23000,1000,bank_transfer,false
ORD-000390,2026-01-13,CUST-0164,부산,도서,네트워크실습,web,1,15000,0,card,false
ORD-000391,2026-01-13,CUST-0281,서울,패션,운동화,mobile,2,129000,5000,coupon,false
ORD-000392,2026-01-13,CUST-0081,서울,스포츠,요가매트,web,2,59000,2000,point,false
ORD-000393,2026-01-13,CUST-0136,대전,도서,파이썬기초,mobile,5,35000,5000,point,true
ORD-000394,2026-01-13,CUST-0431,대구,도서,클라우드입문,web,4,15000,2000,card,true
ORD-000395,2026-01-13,CUST-0246,경기,패션,티셔츠,web,1,129000,0,card,true
ORD-000396,2026-01-13,CUST-0158,인천,도서,파이썬기초,mobile,1,28000,1000,coupon,false
ORD-000397,2026-01-13,CUST-0190,대구,생활용품,책상조명,mobile,5,9000,1000,bank_transfer,false
ORD-000398,2026-01-13,CUST-0116,인천,생활용품,수납박스,mobile,4,23000,1000,card,false
ORD-000399,2026-01-13,CUST-0498,인천,도서,클라우드입문,store,3,15000,2000,bank_transfer,false
ORD-000400,2026-01-13,CUST-0352,인천,식품,커피,mobile,5,26000,1000,bank_transfer,true
ORD-000401,2026-01-13,CUST-0258,광주,생활용품,책상조명,store,4,9000,5000,bank_transfer,false
ORD-000402,2026-01-13,CUST-0065,서울,전자기기,모니터,mobile,2,45000,0,card,false
ORD-000403,2026-01-13,CUST-0164,대전,스포츠,러닝벨트,web,2,24000,2000,card,false
ORD-000404,2026-01-13,CUST-0470,인천,생활용품,청소도구,web,3,23000,2000,coupon,false
ORD-000405,2026-01-13,CUST-0299,인천,전자기기,모니터,web,2,45000,2000,card,true
ORD-000406,2026-01-13,CUST-0136,대구,식품,커피,store,5,18000,0,coupon,false
ORD-000407,2026-01-13,CUST-0074,광주,식품,비타민음료,store,2,6000,0,coupon,false
ORD-000408,2026-01-13,CUST-0472,부산,전자기기,모니터,mobile,2,79000,0,card,false
ORD-000409,2026-01-13,CUST-0498,인천,패션,자켓,web,3,89000,1000,bank_transfer,false
ORD-000410,2026-01-13,CUST-0310,대전,패션,가방,web,3,89000,5000,bank_transfer,false
ORD-000411,2026-01-13,CUST-0421,서울,생활용품,텀블러,store,4,37000,2000,bank_transfer,false
ORD-000412,2026-01-13,CUST-0451,광주,전자기기,마우스,web,4,320000,0,bank_transfer,true
ORD-000413,2026-01-13,CUST-0026,부산,도서,파이썬기초,store,2,15000,0,bank_transfer,false
ORD-000414,2026-01-13,CUST-0349,서울,패션,자켓,web,5,129000,1000,point,false
ORD-000415,2026-01-13,CUST-0180,부산,생활용품,청소도구,web,4,15000,2000,point,true
ORD-000416,2026-01-13,CUST-0084,인천,스포츠,요가매트,store,1,39000,1000,bank_transfer,false
ORD-000417,2026-01-13,CUST-0263,서울,도서,파이썬기초,store,3,22000,5000,card,false
ORD-000418,2026-01-13,CUST-0130,광주,생활용품,텀블러,mobile,5,15000,0,point,false
ORD-000419,2026-01-14,CUST-0155,대전,생활용품,책상조명,store,3,37000,0,coupon,false
ORD-000420,2026-01-14,CUST-0288,대전,식품,커피,store,5,6000,5000,point,false
ORD-000421,2026-01-14,CUST-0328,부산,패션,티셔츠,mobile,1,129000,0,point,false
ORD-000422,2026-01-14,CUST-0461,서울,스포츠,운동밴드,store,2,24000,2000,coupon,false
ORD-000423,2026-01-14,CUST-0152,부산,스포츠,운동밴드,mobile,1,24000,5000,coupon,false
ORD-000424,2026-01-14,CUST-0352,광주,생활용품,수납박스,store,3,15000,5000,coupon,false
ORD-000425,2026-01-14,CUST-0093,부산,스포츠,운동밴드,web,2,39000,5000,coupon,true
ORD-000426,2026-01-14,CUST-0114,부산,도서,보안개론,web,3,22000,5000,point,false
ORD-000427,2026-01-14,CUST-0238,인천,생활용품,책상조명,web,3,23000,2000,coupon,false
ORD-000428,2026-01-14,CUST-0456,경기,전자기기,USB허브,store,5,320000,0,card,false
ORD-000429,2026-01-14,CUST-0071,경기,스포츠,러닝벨트,mobile,4,39000,0,coupon,false
ORD-000430,2026-01-14,CUST-0399,서울,식품,비타민음료,mobile,3,11000,5000,point,false
ORD-000431,2026-01-14,CUST-0141,경기,스포츠,덤벨,web,1,39000,0,bank_transfer,false
ORD-000432,2026-01-14,CUST-0207,대구,생활용품,수납박스,mobile,5,15000,1000,coupon,false
ORD-000433,2026-01-14,CUST-0487,서울,전자기기,무선이어폰,mobile,2,320000,5000,bank_transfer,false
ORD-000434,2026-01-14,CUST-0160,경기,전자기기,무선이어폰,web,2,45000,5000,coupon,false
ORD-000435,2026-01-14,CUST-0486,부산,식품,견과류,mobile,1,11000,0,point,false
ORD-000436,2026-01-14,CUST-0085,인천,생활용품,텀블러,mobile,4,23000,0,card,false
ORD-000437,2026-01-14,CUST-0302,광주,도서,파이썬기초,web,2,22000,5000,card,false
ORD-000438,2026-01-14,CUST-0025,광주,패션,티셔츠,web,3,129000,2000,card,true
ORD-000439,2026-01-14,CUST-0195,서울,스포츠,요가매트,store,1,12000,1000,point,false
ORD-000440,2026-01-14,CUST-0339,서울,생활용품,텀블러,store,1,15000,0,point,false
ORD-000441,2026-01-14,CUST-0061,부산,식품,간편식,web,1,26000,2000,card,true
ORD-000442,2026-01-14,CUST-0184,대전,생활용품,텀블러,mobile,3,15000,2000,point,false
ORD-000443,2026-01-14,CUST-0170,경기,도서,클라우드입문,web,2,35000,5000,card,false
ORD-000444,2026-01-14,CUST-0077,서울,스포츠,요가매트,store,5,12000,5000,card,false
ORD-000445,2026-01-14,CUST-0136,대구,스포츠,요가매트,web,2,39000,1000,card,false
ORD-000446,2026-01-14,CUST-0219,대전,도서,클라우드입문,web,3,28000,5000,card,false
ORD-000447,2026-01-14,CUST-0458,대구,전자기기,무선이어폰,store,2,45000,0,point,false
ORD-000448,2026-01-14,CUST-0206,대구,스포츠,요가매트,mobile,3,39000,0,point,false
ORD-000449,2026-01-14,CUST-0357,대전,생활용품,청소도구,web,2,37000,0,bank_transfer,false
ORD-000450,2026-01-14,CUST-0093,광주,전자기기,모니터,mobile,4,320000,2000,point,false
ORD-000451,2026-01-14,CUST-0455,대구,식품,커피,mobile,4,11000,1000,card,false
ORD-000452,2026-01-15,CUST-0371,광주,패션,자켓,web,5,19000,5000,point,true
ORD-000453,2026-01-15,CUST-0340,대전,식품,커피,store,2,26000,1000,coupon,false
ORD-000454,2026-01-15,CUST-0437,대구,도서,클라우드입문,web,2,15000,2000,card,false
ORD-000455,2026-01-15,CUST-0260,경기,생활용품,책상조명,store,3,15000,0,coupon,false
ORD-000456,2026-01-15,CUST-0230,서울,생활용품,텀블러,mobile,4,9000,1000,coupon,true
ORD-000457,2026-01-15,CUST-0212,서울,패션,티셔츠,store,1,129000,0,card,false
ORD-000458,2026-01-15,CUST-0106,대전,전자기기,USB허브,store,3,320000,2000,coupon,true
ORD-000459,2026-01-15,CUST-0287,인천,패션,자켓,store,2,19000,1000,coupon,false
ORD-000460,2026-01-15,CUST-0002,부산,스포츠,운동밴드,mobile,1,59000,0,point,false
ORD-000461,2026-01-15,CUST-0072,인천,식품,견과류,store,1,6000,0,coupon,false
ORD-000462,2026-01-15,CUST-0477,인천,전자기기,마우스,mobile,2,320000,0,bank_transfer,false
ORD-000463,2026-01-15,CUST-0475,대전,생활용품,텀블러,store,1,23000,1000,card,false
ORD-000464,2026-01-15,CUST-0377,서울,생활용품,청소도구,store,4,15000,0,coupon,true
ORD-000465,2026-01-15,CUST-0054,대구,식품,비타민음료,store,5,11000,0,point,false
ORD-000466,2026-01-15,CUST-0141,대구,식품,비타민음료,mobile,5,26000,5000,point,false
ORD-000467,2026-01-15,CUST-0154,인천,생활용품,텀블러,store,4,15000,2000,point,true
ORD-000468,2026-01-15,CUST-0352,부산,스포츠,덤벨,store,2,24000,2000,bank_transfer,false
ORD-000469,2026-01-15,CUST-0246,광주,스포츠,덤벨,store,1,39000,0,coupon,true
ORD-000470,2026-01-15,CUST-0013,대구,스포츠,운동밴드,web,1,59000,2000,card,false
ORD-000471,2026-01-15,CUST-0350,부산,스포츠,요가매트,web,3,24000,0,card,false
ORD-000472,2026-01-15,CUST-0417,대구,스포츠,운동밴드,web,5,24000,0,bank_transfer,false
ORD-000473,2026-01-15,CUST-0355,대전,스포츠,러닝벨트,web,5,24000,5000,coupon,false
ORD-000474,2026-01-16,CUST-0104,광주,생활용품,책상조명,mobile,1,9000,5000,bank_transfer,false
ORD-000475,2026-01-16,CUST-0091,대전,스포츠,운동밴드,web,2,24000,0,bank_transfer,false
ORD-000476,2026-01-16,CUST-0285,부산,도서,클라우드입문,web,1,35000,1000,bank_transfer,false
ORD-000477,2026-01-16,CUST-0021,경기,식품,견과류,mobile,3,6000,1000,card,false
ORD-000478,2026-01-16,CUST-0038,인천,스포츠,운동밴드,store,5,59000,2000,point,false
ORD-000479,2026-01-16,CUST-0082,대구,식품,간편식,store,5,11000,0,coupon,true
ORD-000480,2026-01-16,CUST-0170,부산,전자기기,마우스,mobile,2,45000,5000,bank_transfer,false
ORD-000481,2026-01-16,CUST-0229,경기,식품,비타민음료,store,1,6000,5000,bank_transfer,false
ORD-000482,2026-01-16,CUST-0277,대전,전자기기,마우스,mobile,1,150000,1000,card,false
ORD-000483,2026-01-16,CUST-0460,대전,식품,견과류,web,4,26000,0,point,false
ORD-000484,2026-01-16,CUST-0004,대전,식품,커피,web,2,6000,2000,bank_transfer,true
ORD-000485,2026-01-16,CUST-0425,대전,스포츠,덤벨,store,1,59000,0,coupon,true
ORD-000486,2026-01-16,CUST-0020,서울,스포츠,요가매트,web,1,24000,1000,card,false
ORD-000487,2026-01-16,CUST-0209,대구,도서,보안개론,mobile,5,15000,0,coupon,false
ORD-000488,2026-01-16,CUST-0274,서울,생활용품,책상조명,store,4,9000,5000,card,false
ORD-000489,2026-01-16,CUST-0149,인천,스포츠,요가매트,store,3,12000,2000,point,false
ORD-000490,2026-01-16,CUST-0421,대전,식품,커피,web,4,18000,1000,coupon,false
ORD-000491,2026-01-16,CUST-0492,대전,도서,파이썬기초,web,4,22000,2000,point,false
ORD-000492,2026-01-16,CUST-0064,서울,스포츠,운동밴드,web,5,12000,2000,coupon,false
ORD-000493,2026-01-16,CUST-0109,대구,식품,커피,store,2,18000,5000,bank_transfer,false
ORD-000494,2026-01-16,CUST-0059,경기,도서,파이썬기초,store,5,22000,0,card,false
ORD-000495,2026-01-16,CUST-0129,서울,식품,비타민음료,web,3,6000,5000,coupon,false
ORD-000496,2026-01-16,CUST-0318,서울,패션,자켓,web,2,49000,0,point,false
ORD-000497,2026-01-16,CUST-0356,광주,생활용품,청소도구,web,5,23000,5000,point,false
ORD-000498,2026-01-16,CUST-0403,경기,패션,가방,store,1,49000,0,coupon,false
ORD-000499,2026-01-16,CUST-0229,부산,패션,자켓,mobile,3,49000,1000,coupon,false
ORD-000500,2026-01-16,CUST-0440,인천,식품,커피,web,5,11000,0,bank_transfer,false
ORD-000501,2026-01-16,CUST-0417,광주,패션,티셔츠,store,1,19000,2000,coupon,false
ORD-000502,2026-01-16,CUST-0458,광주,식품,간편식,mobile,5,6000,0,bank_transfer,true
ORD-000503,2026-01-16,CUST-0069,대구,패션,가방,store,5,49000,5000,card,false
ORD-000504,2026-01-16,CUST-0388,광주,생활용품,책상조명,web,2,9000,2000,coupon,false
ORD-000505,2026-01-16,CUST-0113,인천,도서,파이썬기초,mobile,4,22000,0,bank_transfer,false
ORD-000506,2026-01-17,CUST-0266,인천,패션,자켓,mobile,1,49000,5000,coupon,false
ORD-000507,2026-01-17,CUST-0053,대전,생활용품,청소도구,store,1,9000,5000,point,false
ORD-000508,2026-01-17,CUST-0188,광주,스포츠,운동밴드,store,4,24000,5000,card,false
ORD-000509,2026-01-17,CUST-0181,인천,식품,견과류,mobile,2,26000,2000,coupon,false
ORD-000510,2026-01-17,CUST-0040,광주,생활용품,수납박스,store,4,15000,0,point,false
ORD-000511,2026-01-17,CUST-0368,인천,도서,파이썬기초,web,2,22000,0,bank_transfer,true
ORD-000512,2026-01-17,CUST-0246,경기,생활용품,책상조명,store,4,9000,5000,bank_transfer,false
ORD-000513,2026-01-17,CUST-0294,광주,스포츠,러닝벨트,web,2,12000,0,bank_transfer,false
ORD-000514,2026-01-17,CUST-0473,경기,스포츠,요가매트,store,1,24000,0,coupon,false
ORD-000515,2026-01-17,CUST-0311,대구,식품,커피,mobile,1,18000,0,bank_transfer,false
ORD-000516,2026-01-17,CUST-0338,광주,도서,네트워크실습,mobile,5,22000,0,bank_transfer,true
ORD-000517,2026-01-17,CUST-0118,대구,스포츠,운동밴드,mobile,5,59000,2000,bank_transfer,false
ORD-000518,2026-01-17,CUST-0424,경기,전자기기,무선이어폰,store,5,45000,2000,card,false
ORD-000519,2026-01-17,CUST-0048,대구,도서,네트워크실습,store,5,15000,2000,bank_transfer,false
ORD-000520,2026-01-17,CUST-0448,서울,식품,커피,store,5,26000,1000,coupon,false
ORD-000521,2026-01-17,CUST-0051,대구,도서,네트워크실습,web,3,35000,2000,point,true
ORD-000522,2026-01-17,CUST-0210,부산,생활용품,텀블러,web,3,9000,2000,card,true
ORD-000523,2026-01-17,CUST-0336,경기,스포츠,요가매트,store,5,12000,0,point,false
ORD-000524,2026-01-17,CUST-0130,부산,생활용품,책상조명,store,2,9000,1000,coupon,true
ORD-000525,2026-01-17,CUST-0283,인천,식품,견과류,store,4,18000,0,coupon,false
ORD-000526,2026-01-17,CUST-0177,인천,도서,보안개론,store,3,35000,0,coupon,true
ORD-000527,2026-01-17,CUST-0052,경기,스포츠,덤벨,store,2,12000,1000,coupon,false
ORD-000528,2026-01-18,CUST-0412,서울,패션,티셔츠,web,4,49000,5000,coupon,false
ORD-000529,2026-01-18,CUST-0190,서울,식품,비타민음료,store,1,6000,0,card,false
ORD-000530,2026-01-18,CUST-0147,대전,스포츠,러닝벨트,store,5,59000,5000,card,true
ORD-000531,2026-01-18,CUST-0147,경기,도서,네트워크실습,web,1,35000,0,bank_transfer,true
ORD-000532,2026-01-18,CUST-0500,경기,식품,간편식,web,3,6000,0,point,false
ORD-000533,2026-01-18,CUST-0266,서울,생활용품,책상조명,store,4,37000,2000,card,false
ORD-000534,2026-01-18,CUST-0178,인천,전자기기,USB허브,mobile,5,79000,2000,bank_transfer,false
ORD-000535,2026-01-18,CUST-0134,경기,식품,간편식,mobile,4,26000,2000,card,false
ORD-000536,2026-01-18,CUST-0490,부산,식품,커피,store,3,18000,0,point,true
ORD-000537,2026-01-18,CUST-0388,부산,스포츠,러닝벨트,mobile,5,59000,1000,coupon,false
ORD-000538,2026-01-18,CUST-0196,대전,식품,커피,web,1,26000,0,bank_transfer,false
ORD-000539,2026-01-18,CUST-0359,인천,패션,가방,mobile,5,89000,2000,bank_transfer,false
ORD-000540,2026-01-18,CUST-0477,경기,패션,티셔츠,mobile,3,129000,0,point,true
ORD-000541,2026-01-18,CUST-0256,대전,패션,운동화,web,2,89000,5000,bank_transfer,false
ORD-000542,2026-01-18,CUST-0428,경기,스포츠,덤벨,store,2,39000,0,point,false
ORD-000543,2026-01-18,CUST-0315,서울,도서,클라우드입문,store,1,15000,5000,card,false
ORD-000544,2026-01-18,CUST-0252,경기,생활용품,책상조명,store,4,23000,2000,point,false
ORD-000545,2026-01-18,CUST-0245,광주,생활용품,텀블러,web,1,15000,2000,point,false
ORD-000546,2026-01-18,CUST-0236,부산,생활용품,텀블러,store,1,37000,5000,card,true
ORD-000547,2026-01-18,CUST-0186,광주,전자기기,키보드,mobile,5,150000,0,bank_transfer,false
ORD-000548,2026-01-18,CUST-0176,부산,식품,견과류,web,3,11000,1000,coupon,true
ORD-000549,2026-01-18,CUST-0144,대구,생활용품,텀블러,web,3,37000,0,bank_transfer,false
ORD-000550,2026-01-18,CUST-0222,인천,식품,간편식,mobile,3,6000,0,bank_transfer,true
ORD-000551,2026-01-18,CUST-0256,경기,도서,파이썬기초,store,1,35000,0,point,false
ORD-000552,2026-01-18,CUST-0204,서울,생활용품,책상조명,store,5,23000,2000,bank_transfer,false
ORD-000553,2026-01-18,CUST-0231,대전,전자기기,키보드,mobile,4,79000,5000,point,false
ORD-000554,2026-01-18,CUST-0063,부산,패션,자켓,store,3,89000,0,bank_transfer,false
ORD-000555,2026-01-18,CUST-0250,인천,식품,간편식,store,3,18000,0,coupon,true
ORD-000556,2026-01-18,CUST-0445,경기,전자기기,모니터,store,3,320000,1000,point,false
ORD-000557,2026-01-18,CUST-0117,부산,생활용품,청소도구,mobile,1,9000,0,point,false
ORD-000558,2026-01-18,CUST-0383,광주,스포츠,운동밴드,store,3,59000,1000,coupon,false
ORD-000559,2026-01-18,CUST-0339,부산,생활용품,텀블러,store,1,15000,0,card,false
ORD-000560,2026-01-18,CUST-0480,대구,도서,파이썬기초,store,1,35000,0,card,false
ORD-000561,2026-01-18,CUST-0317,경기,전자기기,모니터,web,1,320000,0,coupon,false
ORD-000562,2026-01-18,CUST-0068,광주,패션,운동화,web,3,49000,1000,card,false
ORD-000563,2026-01-18,CUST-0479,부산,전자기기,마우스,store,4,79000,1000,coupon,true
ORD-000564,2026-01-18,CUST-0328,대전,도서,파이썬기초,store,5,35000,1000,point,true
ORD-000565,2026-01-18,CUST-0188,대구,패션,가방,mobile,1,49000,1000,bank_transfer,false
ORD-000566,2026-01-18,CUST-0147,대구,패션,티셔츠,store,5,19000,0,card,false
ORD-000567,2026-01-18,CUST-0409,부산,스포츠,러닝벨트,store,3,59000,0,bank_transfer,false
ORD-000568,2026-01-18,CUST-0224,대구,전자기기,USB허브,web,2,79000,1000,bank_transfer,true
ORD-000569,2026-01-18,CUST-0217,대전,스포츠,러닝벨트,web,2,59000,0,point,false
ORD-000570,2026-01-18,CUST-0070,부산,패션,자켓,web,2,129000,0,coupon,false
ORD-000571,2026-01-18,CUST-0165,서울,식품,비타민음료,web,5,18000,1000,card,false
ORD-000572,2026-01-18,CUST-0065,대전,식품,커피,mobile,1,11000,0,card,false
ORD-000573,2026-01-19,CUST-0216,부산,전자기기,키보드,mobile,4,25000,0,point,false
ORD-000574,2026-01-19,CUST-0137,인천,생활용품,수납박스,mobile,1,23000,0,card,false
ORD-000575,2026-01-19,CUST-0425,서울,식품,비타민음료,web,2,11000,0,bank_transfer,false
ORD-000576,2026-01-19,CUST-0377,인천,생활용품,청소도구,web,1,15000,0,bank_transfer,false
ORD-000577,2026-01-19,CUST-0382,광주,생활용품,청소도구,store,3,23000,0,card,false
ORD-000578,2026-01-19,CUST-0443,대전,패션,가방,web,2,89000,0,card,false
ORD-000579,2026-01-19,CUST-0300,서울,도서,네트워크실습,mobile,1,28000,0,bank_transfer,false
ORD-000580,2026-01-19,CUST-0080,부산,전자기기,무선이어폰,web,4,320000,5000,bank_transfer,true
ORD-000581,2026-01-19,CUST-0031,부산,도서,네트워크실습,store,5,15000,0,bank_transfer,false
ORD-000582,2026-01-19,CUST-0286,인천,스포츠,요가매트,store,4,24000,0,point,false
ORD-000583,2026-01-19,CUST-0129,서울,생활용품,텀블러,mobile,4,9000,0,coupon,false
ORD-000584,2026-01-19,CUST-0279,부산,식품,견과류,mobile,2,26000,2000,coupon,false
ORD-000585,2026-01-19,CUST-0152,인천,패션,운동화,mobile,5,19000,0,point,false
ORD-000586,2026-01-19,CUST-0439,부산,생활용품,수납박스,store,2,37000,0,bank_transfer,true
ORD-000587,2026-01-19,CUST-0393,광주,패션,티셔츠,web,2,129000,2000,point,false
ORD-000588,2026-01-19,CUST-0338,서울,패션,가방,web,1,89000,0,bank_transfer,true
ORD-000589,2026-01-19,CUST-0051,서울,도서,클라우드입문,store,1,22000,1000,coupon,false
ORD-000590,2026-01-19,CUST-0311,대전,스포츠,러닝벨트,web,1,39000,0,card,false
ORD-000591,2026-01-19,CUST-0185,광주,도서,네트워크실습,store,4,15000,5000,coupon,false
ORD-000592,2026-01-19,CUST-0428,부산,패션,티셔츠,web,5,89000,0,bank_transfer,false
ORD-000593,2026-01-19,CUST-0098,경기,식품,커피,store,2,6000,2000,bank_transfer,false
ORD-000594,2026-01-19,CUST-0184,대전,식품,간편식,mobile,1,26000,5000,coupon,true
ORD-000595,2026-01-19,CUST-0173,대전,전자기기,키보드,web,5,45000,1000,coupon,true
ORD-000596,2026-01-19,CUST-0423,대전,패션,자켓,mobile,3,89000,1000,bank_transfer,false
ORD-000597,2026-01-19,CUST-0185,대구,식품,간편식,mobile,5,26000,5000,coupon,false
ORD-000598,2026-01-19,CUST-0070,부산,전자기기,무선이어폰,web,5,79000,0,point,true
ORD-000599,2026-01-19,CUST-0471,광주,도서,파이썬기초,store,1,28000,5000,bank_transfer,false
ORD-000600,2026-01-20,CUST-0188,광주,전자기기,모니터,web,2,79000,0,bank_transfer,false
ORD-000601,2026-01-20,CUST-0470,경기,패션,자켓,store,5,19000,1000,card,true
ORD-000602,2026-01-20,CUST-0420,서울,스포츠,운동밴드,store,2,59000,1000,point,true
ORD-000603,2026-01-20,CUST-0179,인천,전자기기,USB허브,mobile,1,150000,0,coupon,false
ORD-000604,2026-01-20,CUST-0028,부산,전자기기,키보드,store,1,320000,5000,card,false
ORD-000605,2026-01-20,CUST-0079,서울,패션,운동화,store,5,89000,5000,coupon,false
ORD-000606,2026-01-20,CUST-0076,경기,생활용품,수납박스,mobile,4,15000,0,card,false
ORD-000607,2026-01-20,CUST-0257,대구,생활용품,수납박스,store,3,37000,0,bank_transfer,false
ORD-000608,2026-01-20,CUST-0101,광주,도서,네트워크실습,store,4,22000,1000,bank_transfer,true
ORD-000609,2026-01-20,CUST-0046,서울,도서,클라우드입문,store,4,28000,0,coupon,true
ORD-000610,2026-01-20,CUST-0305,대전,생활용품,책상조명,web,2,23000,0,point,false
ORD-000611,2026-01-20,CUST-0023,인천,도서,보안개론,web,5,35000,0,bank_transfer,false
ORD-000612,2026-01-20,CUST-0125,광주,스포츠,운동밴드,web,1,24000,0,point,false
ORD-000613,2026-01-20,CUST-0012,부산,전자기기,마우스,web,3,25000,1000,bank_transfer,false
ORD-000614,2026-01-20,CUST-0356,대전,도서,보안개론,store,5,35000,5000,card,false
ORD-000615,2026-01-20,CUST-0103,인천,생활용품,수납박스,store,2,23000,0,point,false
ORD-000616,2026-01-20,CUST-0340,인천,전자기기,모니터,store,1,25000,1000,point,false
ORD-000617,2026-01-20,CUST-0261,대전,전자기기,무선이어폰,web,4,79000,0,point,false
ORD-000618,2026-01-20,CUST-0288,대전,생활용품,수납박스,web,2,15000,2000,card,false
ORD-000619,2026-01-20,CUST-0010,부산,도서,보안개론,store,4,28000,1000,point,false
ORD-000620,2026-01-20,CUST-0321,부산,패션,자켓,mobile,5,49000,0,card,false
ORD-000621,2026-01-20,CUST-0337,경기,식품,견과류,web,2,11000,0,coupon,false
ORD-000622,2026-01-20,CUST-0219,부산,식품,간편식,store,2,26000,2000,point,false
ORD-000623,2026-01-21,CUST-0351,인천,식품,간편식,web,2,11000,2000,bank_transfer,true
ORD-000624,2026-01-21,CUST-0470,경기,패션,운동화,mobile,2,129000,5000,card,true
ORD-000625,2026-01-21,CUST-0392,부산,식품,커피,mobile,3,11000,0,coupon,false
ORD-000626,2026-01-21,CUST-0068,경기,패션,가방,web,2,89000,0,point,false
ORD-000627,2026-01-21,CUST-0184,서울,식품,간편식,store,2,11000,5000,coupon,false
ORD-000628,2026-01-21,CUST-0243,경기,도서,네트워크실습,web,2,28000,1000,bank_transfer,false
ORD-000629,2026-01-21,CUST-0114,대전,도서,클라우드입문,store,1,35000,0,bank_transfer,false
ORD-000630,2026-01-21,CUST-0353,부산,도서,클라우드입문,mobile,4,22000,2000,bank_transfer,false
ORD-000631,2026-01-21,CUST-0369,부산,생활용품,청소도구,mobile,5,9000,5000,card,false
ORD-000632,2026-01-21,CUST-0266,광주,식품,커피,mobile,4,26000,0,card,false
ORD-000633,2026-01-21,CUST-0204,부산,식품,비타민음료,mobile,2,6000,0,coupon,false
ORD-000634,2026-01-21,CUST-0463,경기,도서,네트워크실습,mobile,5,28000,0,coupon,true
ORD-000635,2026-01-21,CUST-0070,대구,전자기기,USB허브,mobile,2,25000,2000,point,true
ORD-000636,2026-01-21,CUST-0452,대구,생활용품,수납박스,web,4,15000,2000,point,false
ORD-000637,2026-01-21,CUST-0325,부산,패션,운동화,web,1,19000,0,coupon,false
ORD-000638,2026-01-21,CUST-0394,경기,스포츠,덤벨,mobile,5,59000,1000,bank_transfer,false
ORD-000639,2026-01-21,CUST-0159,대전,도서,파이썬기초,mobile,1,22000,1000,point,false
ORD-000640,2026-01-21,CUST-0319,인천,스포츠,덤벨,mobile,2,12000,0,card,false
ORD-000641,2026-01-21,CUST-0452,대구,생활용품,청소도구,web,5,37000,0,bank_transfer,true
ORD-000642,2026-01-21,CUST-0308,광주,식품,비타민음료,web,4,26000,1000,bank_transfer,false
ORD-000643,2026-01-21,CUST-0029,대전,식품,견과류,mobile,1,11000,0,card,false
ORD-000644,2026-01-21,CUST-0056,대구,도서,클라우드입문,web,3,28000,0,bank_transfer,false
ORD-000645,2026-01-21,CUST-0185,서울,스포츠,운동밴드,web,4,24000,5000,point,true
ORD-000646,2026-01-21,CUST-0034,부산,패션,자켓,mobile,1,129000,1000,bank_transfer,true
ORD-000647,2026-01-21,CUST-0108,대전,전자기기,마우스,web,5,79000,1000,card,true
ORD-000648,2026-01-21,CUST-0479,인천,전자기기,USB허브,store,1,320000,1000,point,true
ORD-000649,2026-01-21,CUST-0182,경기,생활용품,책상조명,store,5,23000,2000,coupon,true
ORD-000650,2026-01-21,CUST-0363,부산,식품,비타민음료,web,2,26000,2000,card,false
ORD-000651,2026-01-21,CUST-0410,광주,전자기기,무선이어폰,mobile,1,150000,5000,coupon,false
ORD-000652,2026-01-21,CUST-0006,대전,전자기기,마우스,web,5,79000,5000,point,false
ORD-000653,2026-01-21,CUST-0166,인천,패션,티셔츠,web,3,89000,2000,card,true
ORD-000654,2026-01-21,CUST-0316,서울,스포츠,운동밴드,web,4,39000,5000,bank_transfer,true
ORD-000655,2026-01-21,CUST-0247,경기,패션,자켓,store,4,129000,0,coupon,false
ORD-000656,2026-01-21,CUST-0428,광주,식품,견과류,mobile,4,26000,5000,point,false
ORD-000657,2026-01-22,CUST-0410,인천,식품,커피,mobile,5,11000,5000,card,false
ORD-000658,2026-01-22,CUST-0432,경기,도서,보안개론,store,3,15000,1000,coupon,true
ORD-000659,2026-01-22,CUST-0140,대구,도서,클라우드입문,web,3,28000,5000,coupon,false
ORD-000660,2026-01-22,CUST-0155,경기,도서,보안개론,web,3,35000,0,point,true
ORD-000661,2026-01-22,CUST-0410,대구,전자기기,키보드,store,4,25000,2000,bank_transfer,false
ORD-000662,2026-01-22,CUST-0074,인천,도서,보안개론,web,5,35000,0,bank_transfer,false
ORD-000663,2026-01-22,CUST-0060,서울,도서,클라우드입문,mobile,4,35000,5000,card,true
ORD-000664,2026-01-22,CUST-0267,인천,스포츠,요가매트,store,4,39000,0,point,false
ORD-000665,2026-01-22,CUST-0099,부산,전자기기,USB허브,mobile,2,79000,0,point,false
ORD-000666,2026-01-22,CUST-0059,서울,생활용품,수납박스,store,2,23000,0,card,false
ORD-000667,2026-01-22,CUST-0294,경기,도서,보안개론,web,3,28000,0,card,false
ORD-000668,2026-01-22,CUST-0242,대전,패션,자켓,web,1,129000,0,card,false
ORD-000669,2026-01-22,CUST-0361,광주,생활용품,수납박스,store,4,9000,1000,coupon,false
ORD-000670,2026-01-22,CUST-0041,인천,식품,견과류,mobile,3,18000,0,bank_transfer,true
ORD-000671,2026-01-22,CUST-0241,경기,전자기기,모니터,web,4,25000,0,bank_transfer,false
ORD-000672,2026-01-22,CUST-0404,인천,식품,견과류,mobile,4,18000,0,coupon,false
ORD-000673,2026-01-22,CUST-0246,대구,생활용품,수납박스,web,4,9000,0,point,false
ORD-000674,2026-01-22,CUST-0167,광주,패션,운동화,store,4,19000,5000,card,false
ORD-000675,2026-01-22,CUST-0318,경기,패션,가방,store,5,129000,1000,bank_transfer,false
ORD-000676,2026-01-22,CUST-0221,인천,생활용품,청소도구,mobile,3,9000,0,point,true
ORD-000677,2026-01-22,CUST-0429,대구,식품,간편식,web,1,11000,5000,coupon,true
ORD-000678,2026-01-22,CUST-0036,광주,패션,티셔츠,web,2,129000,0,coupon,false
ORD-000679,2026-01-22,CUST-0455,광주,패션,가방,store,1,19000,0,card,false
ORD-000680,2026-01-22,CUST-0316,광주,도서,파이썬기초,mobile,5,35000,0,bank_transfer,false
ORD-000681,2026-01-22,CUST-0471,대구,도서,보안개론,store,5,28000,5000,point,false
ORD-000682,2026-01-22,CUST-0434,경기,전자기기,USB허브,mobile,5,25000,2000,card,false
ORD-000683,2026-01-22,CUST-0441,부산,패션,티셔츠,web,5,19000,0,bank_transfer,false
ORD-000684,2026-01-22,CUST-0223,광주,생활용품,청소도구,web,4,23000,1000,bank_transfer,false
ORD-000685,2026-01-22,CUST-0431,대구,생활용품,텀블러,web,5,15000,1000,point,false
ORD-000686,2026-01-22,CUST-0074,대전,스포츠,덤벨,mobile,1,24000,0,coupon,false
ORD-000687,2026-01-22,CUST-0477,대구,도서,클라우드입문,store,4,22000,1000,bank_transfer,true
ORD-000688,2026-01-22,CUST-0096,대구,생활용품,청소도구,store,4,37000,0,card,false
ORD-000689,2026-01-22,CUST-0475,광주,식품,비타민음료,store,5,11000,0,point,false
ORD-000690,2026-01-22,CUST-0058,광주,전자기기,무선이어폰,mobile,4,320000,5000,card,false
ORD-000691,2026-01-22,CUST-0456,광주,도서,보안개론,web,5,35000,0,bank_transfer,true
ORD-000692,2026-01-22,CUST-0274,인천,생활용품,수납박스,web,5,23000,0,coupon,false
ORD-000693,2026-01-22,CUST-0149,경기,생활용품,청소도구,web,4,23000,0,point,false
ORD-000694,2026-01-23,CUST-0294,서울,식품,견과류,store,4,6000,2000,point,false
ORD-000695,2026-01-23,CUST-0259,서울,스포츠,요가매트,mobile,4,39000,0,point,false
ORD-000696,2026-01-23,CUST-0310,경기,도서,보안개론,store,3,28000,0,bank_transfer,false
ORD-000697,2026-01-23,CUST-0249,경기,스포츠,러닝벨트,store,2,39000,0,card,false
ORD-000698,2026-01-23,CUST-0386,대구,패션,티셔츠,mobile,5,49000,0,bank_transfer,false
ORD-000699,2026-01-23,CUST-0028,대전,스포츠,러닝벨트,mobile,2,24000,2000,card,false
ORD-000700,2026-01-23,CUST-0244,대전,전자기기,키보드,store,4,150000,1000,bank_transfer,false
ORD-000701,2026-01-23,CUST-0446,대구,생활용품,청소도구,web,3,37000,0,point,true
ORD-000702,2026-01-23,CUST-0050,광주,생활용품,청소도구,store,5,23000,5000,point,false
ORD-000703,2026-01-23,CUST-0131,대전,생활용품,책상조명,store,3,23000,0,coupon,false
ORD-000704,2026-01-23,CUST-0161,광주,생활용품,텀블러,web,5,15000,0,card,false
ORD-000705,2026-01-23,CUST-0351,대구,전자기기,무선이어폰,mobile,1,150000,2000,bank_transfer,false
ORD-000706,2026-01-23,CUST-0318,서울,스포츠,운동밴드,web,2,39000,0,bank_transfer,false
ORD-000707,2026-01-23,CUST-0193,대전,식품,커피,store,1,6000,2000,bank_transfer,false
ORD-000708,2026-01-23,CUST-0328,대구,전자기기,키보드,mobile,3,79000,1000,coupon,false
ORD-000709,2026-01-23,CUST-0398,서울,스포츠,운동밴드,mobile,2,39000,0,coupon,false
ORD-000710,2026-01-23,CUST-0036,대구,패션,티셔츠,web,3,89000,0,coupon,false
ORD-000711,2026-01-23,CUST-0112,광주,도서,네트워크실습,store,2,15000,2000,card,false
ORD-000712,2026-01-23,CUST-0293,대전,생활용품,책상조명,mobile,1,9000,0,coupon,false
ORD-000713,2026-01-23,CUST-0137,경기,전자기기,모니터,store,1,45000,0,point,false
ORD-000714,2026-01-23,CUST-0433,대전,생활용품,수납박스,web,4,37000,1000,bank_transfer,false
ORD-000715,2026-01-23,CUST-0479,부산,전자기기,모니터,mobile,1,150000,2000,point,true
ORD-000716,2026-01-23,CUST-0042,인천,생활용품,수납박스,mobile,3,9000,2000,point,false
ORD-000717,2026-01-23,CUST-0339,경기,스포츠,덤벨,mobile,5,24000,0,coupon,false
ORD-000718,2026-01-23,CUST-0377,경기,전자기기,마우스,web,1,150000,5000,card,false
ORD-000719,2026-01-23,CUST-0406,광주,도서,클라우드입문,store,4,22000,1000,point,false
ORD-000720,2026-01-23,CUST-0173,인천,생활용품,청소도구,store,1,9000,0,card,false
ORD-000721,2026-01-23,CUST-0077,대전,생활용품,수납박스,store,5,15000,1000,bank_transfer,true
ORD-000722,2026-01-23,CUST-0242,광주,전자기기,무선이어폰,web,4,45000,5000,bank_transfer,false
ORD-000723,2026-01-23,CUST-0464,부산,스포츠,덤벨,web,2,12000,5000,coupon,false
ORD-000724,2026-01-23,CUST-0305,인천,식품,간편식,store,1,6000,0,bank_transfer,false
ORD-000725,2026-01-23,CUST-0167,서울,전자기기,키보드,store,3,150000,5000,bank_transfer,false
ORD-000726,2026-01-23,CUST-0033,서울,패션,운동화,mobile,5,19000,0,bank_transfer,false
ORD-000727,2026-01-23,CUST-0125,광주,생활용품,텀블러,web,5,23000,0,bank_transfer,false
ORD-000728,2026-01-23,CUST-0042,서울,전자기기,USB허브,web,2,150000,0,bank_transfer,false
ORD-000729,2026-01-23,CUST-0355,경기,전자기기,USB허브,web,4,79000,5000,bank_transfer,false
ORD-000730,2026-01-23,CUST-0313,대전,스포츠,운동밴드,web,4,59000,0,bank_transfer,false
ORD-000731,2026-01-23,CUST-0003,광주,스포츠,러닝벨트,web,3,12000,0,bank_transfer,false
ORD-000732,2026-01-23,CUST-0260,경기,전자기기,USB허브,mobile,5,25000,0,bank_transfer,true
ORD-000733,2026-01-23,CUST-0255,경기,패션,티셔츠,web,1,49000,0,card,false
ORD-000734,2026-01-23,CUST-0172,광주,전자기기,마우스,mobile,2,79000,1000,card,false
ORD-000735,2026-01-23,CUST-0249,광주,전자기기,무선이어폰,web,2,320000,0,card,false
ORD-000736,2026-01-23,CUST-0118,인천,도서,네트워크실습,web,4,28000,0,point,false
ORD-000737,2026-01-24,CUST-0038,대구,전자기기,키보드,store,2,150000,1000,coupon,false
ORD-000738,2026-01-24,CUST-0092,대구,전자기기,모니터,mobile,2,45000,2000,bank_transfer,false
ORD-000739,2026-01-24,CUST-0066,서울,생활용품,텀블러,store,3,23000,0,card,false
ORD-000740,2026-01-24,CUST-0088,인천,패션,운동화,mobile,4,19000,1000,bank_transfer,false
ORD-000741,2026-01-24,CUST-0045,대구,패션,운동화,store,5,49000,2000,coupon,false
ORD-000742,2026-01-24,CUST-0377,인천,도서,네트워크실습,web,3,35000,0,bank_transfer,false
ORD-000743,2026-01-24,CUST-0460,서울,패션,가방,mobile,5,49000,0,card,true
ORD-000744,2026-01-24,CUST-0202,대구,전자기기,모니터,store,1,320000,1000,card,true
ORD-000745,2026-01-24,CUST-0355,대전,생활용품,청소도구,mobile,1,15000,2000,bank_transfer,false
ORD-000746,2026-01-24,CUST-0009,대구,도서,보안개론,store,2,28000,5000,point,false
ORD-000747,2026-01-24,CUST-0448,대전,도서,네트워크실습,mobile,4,15000,1000,bank_transfer,false
ORD-000748,2026-01-24,CUST-0272,서울,패션,가방,mobile,1,19000,1000,coupon,false
ORD-000749,2026-01-24,CUST-0264,대전,패션,운동화,mobile,5,19000,0,card,false
ORD-000750,2026-01-24,CUST-0188,부산,전자기기,모니터,web,4,79000,2000,card,false
ORD-000751,2026-01-24,CUST-0059,대전,식품,간편식,mobile,3,11000,0,bank_transfer,true
ORD-000752,2026-01-24,CUST-0349,대구,스포츠,덤벨,mobile,3,39000,0,card,true
ORD-000753,2026-01-24,CUST-0270,인천,전자기기,마우스,web,4,79000,1000,coupon,true
ORD-000754,2026-01-24,CUST-0097,대구,스포츠,운동밴드,web,5,59000,0,card,false
ORD-000755,2026-01-24,CUST-0142,서울,생활용품,텀블러,store,1,23000,0,bank_transfer,false
ORD-000756,2026-01-24,CUST-0151,대구,생활용품,텀블러,store,5,15000,5000,bank_transfer,false
ORD-000757,2026-01-24,CUST-0150,경기,생활용품,책상조명,web,4,37000,5000,card,false
ORD-000758,2026-01-24,CUST-0249,광주,도서,보안개론,store,5,35000,0,coupon,false
ORD-000759,2026-01-24,CUST-0117,대구,생활용품,책상조명,mobile,3,15000,0,point,false
ORD-000760,2026-01-24,CUST-0317,경기,전자기기,키보드,store,3,79000,1000,point,false
ORD-000761,2026-01-24,CUST-0022,부산,도서,파이썬기초,store,2,22000,0,bank_transfer,false
ORD-000762,2026-01-24,CUST-0363,서울,생활용품,책상조명,store,2,23000,0,point,true
ORD-000763,2026-01-24,CUST-0274,부산,패션,운동화,web,4,89000,2000,card,false
ORD-000764,2026-01-25,CUST-0497,대전,생활용품,텀블러,store,3,37000,0,point,false
ORD-000765,2026-01-25,CUST-0410,광주,스포츠,운동밴드,store,3,59000,2000,coupon,false
ORD-000766,2026-01-25,CUST-0060,부산,패션,티셔츠,web,1,129000,0,coupon,true
ORD-000767,2026-01-25,CUST-0029,광주,식품,간편식,store,3,26000,0,bank_transfer,false
ORD-000768,2026-01-25,CUST-0276,인천,식품,간편식,mobile,2,18000,0,card,false
ORD-000769,2026-01-25,CUST-0310,광주,식품,비타민음료,web,4,11000,0,point,true
ORD-000770,2026-01-25,CUST-0007,부산,생활용품,텀블러,mobile,3,37000,1000,point,false
ORD-000771,2026-01-25,CUST-0380,대구,패션,가방,mobile,2,19000,5000,point,false
ORD-000772,2026-01-25,CUST-0045,경기,도서,네트워크실습,web,2,35000,2000,point,true
ORD-000773,2026-01-25,CUST-0004,대구,생활용품,책상조명,store,5,9000,1000,point,false
ORD-000774,2026-01-25,CUST-0096,인천,생활용품,텀블러,mobile,5,37000,0,point,false
ORD-000775,2026-01-25,CUST-0253,광주,식품,비타민음료,store,3,6000,2000,coupon,false
ORD-000776,2026-01-25,CUST-0490,대전,도서,클라우드입문,store,2,15000,0,coupon,false
ORD-000777,2026-01-25,CUST-0015,서울,전자기기,마우스,mobile,2,150000,1000,coupon,false
ORD-000778,2026-01-25,CUST-0224,인천,전자기기,USB허브,mobile,5,79000,1000,coupon,true
ORD-000779,2026-01-25,CUST-0009,인천,스포츠,요가매트,mobile,5,39000,5000,bank_transfer,true
ORD-000780,2026-01-25,CUST-0183,경기,식품,커피,web,3,11000,1000,point,false
ORD-000781,2026-01-25,CUST-0272,대전,패션,가방,web,1,89000,0,bank_transfer,false
ORD-000782,2026-01-25,CUST-0166,인천,스포츠,덤벨,mobile,5,12000,0,point,true
ORD-000783,2026-01-25,CUST-0422,경기,패션,자켓,web,5,19000,2000,bank_transfer,false
ORD-000784,2026-01-25,CUST-0472,경기,식품,견과류,web,4,18000,1000,bank_transfer,false
ORD-000785,2026-01-25,CUST-0434,광주,도서,파이썬기초,store,5,22000,2000,card,true
ORD-000786,2026-01-25,CUST-0246,부산,생활용품,청소도구,mobile,1,9000,0,point,false
ORD-000787,2026-01-25,CUST-0015,대전,도서,네트워크실습,web,2,28000,5000,bank_transfer,false
ORD-000788,2026-01-25,CUST-0067,서울,도서,파이썬기초,mobile,3,22000,0,card,false
ORD-000789,2026-01-25,CUST-0056,서울,전자기기,무선이어폰,store,4,150000,0,card,false
ORD-000790,2026-01-25,CUST-0342,서울,생활용품,수납박스,web,1,23000,0,card,false
ORD-000791,2026-01-25,CUST-0015,서울,식품,간편식,web,2,11000,5000,point,false
ORD-000792,2026-01-25,CUST-0124,광주,식품,견과류,store,2,18000,2000,card,true
ORD-000793,2026-01-25,CUST-0494,부산,전자기기,USB허브,web,5,25000,0,card,false
ORD-000794,2026-01-25,CUST-0188,대전,스포츠,요가매트,store,5,24000,5000,bank_transfer,false
ORD-000795,2026-01-25,CUST-0110,광주,생활용품,수납박스,web,3,15000,1000,coupon,false
ORD-000796,2026-01-26,CUST-0254,인천,패션,티셔츠,mobile,1,129000,2000,point,false
ORD-000797,2026-01-26,CUST-0198,부산,식품,커피,mobile,3,6000,1000,point,false
ORD-000798,2026-01-26,CUST-0438,대구,스포츠,러닝벨트,web,5,24000,1000,card,false
ORD-000799,2026-01-26,CUST-0345,서울,생활용품,책상조명,mobile,1,15000,5000,coupon,false
ORD-000800,2026-01-26,CUST-0356,광주,식품,커피,web,2,6000,1000,bank_transfer,false
ORD-000801,2026-01-26,CUST-0433,대구,전자기기,마우스,web,3,45000,0,bank_transfer,true
ORD-000802,2026-01-26,CUST-0388,인천,생활용품,청소도구,store,5,23000,2000,coupon,false
ORD-000803,2026-01-26,CUST-0076,인천,패션,가방,mobile,4,129000,2000,card,false
ORD-000804,2026-01-26,CUST-0016,서울,전자기기,마우스,store,4,150000,0,card,false
ORD-000805,2026-01-26,CUST-0348,부산,전자기기,모니터,web,2,25000,1000,point,true
ORD-000806,2026-01-26,CUST-0104,부산,식품,커피,store,5,6000,1000,coupon,false
ORD-000807,2026-01-26,CUST-0488,인천,생활용품,책상조명,web,5,23000,2000,coupon,false
ORD-000808,2026-01-26,CUST-0236,서울,전자기기,모니터,web,3,150000,1000,bank_transfer,false
ORD-000809,2026-01-26,CUST-0160,대전,식품,견과류,mobile,4,11000,1000,coupon,false
ORD-000810,2026-01-26,CUST-0293,대구,전자기기,USB허브,mobile,5,150000,5000,bank_transfer,true
ORD-000811,2026-01-26,CUST-0498,대구,식품,커피,store,3,26000,1000,point,true
ORD-000812,2026-01-26,CUST-0066,인천,패션,자켓,mobile,1,19000,2000,point,false
ORD-000813,2026-01-26,CUST-0177,부산,스포츠,요가매트,mobile,4,39000,0,point,false
ORD-000814,2026-01-26,CUST-0304,서울,전자기기,키보드,store,2,45000,5000,card,false
ORD-000815,2026-01-26,CUST-0167,서울,패션,티셔츠,mobile,2,89000,0,coupon,true
ORD-000816,2026-01-26,CUST-0302,서울,식품,비타민음료,mobile,1,18000,5000,coupon,false
ORD-000817,2026-01-26,CUST-0052,대전,식품,비타민음료,store,5,18000,0,bank_transfer,false
ORD-000818,2026-01-26,CUST-0187,대구,패션,가방,web,2,89000,2000,coupon,false
ORD-000819,2026-01-27,CUST-0153,광주,전자기기,USB허브,mobile,3,45000,0,bank_transfer,false
ORD-000820,2026-01-27,CUST-0035,광주,식품,커피,store,5,6000,0,coupon,false
ORD-000821,2026-01-27,CUST-0259,인천,생활용품,텀블러,mobile,1,23000,5000,coupon,false
ORD-000822,2026-01-27,CUST-0320,광주,스포츠,운동밴드,mobile,4,24000,1000,bank_transfer,false
ORD-000823,2026-01-27,CUST-0339,인천,전자기기,USB허브,store,5,45000,1000,coupon,false
ORD-000824,2026-01-27,CUST-0237,경기,패션,가방,web,5,19000,0,bank_transfer,false
ORD-000825,2026-01-27,CUST-0325,경기,스포츠,운동밴드,mobile,4,59000,0,point,false
ORD-000826,2026-01-27,CUST-0123,서울,패션,운동화,web,5,89000,0,bank_transfer,false
ORD-000827,2026-01-27,CUST-0224,대구,전자기기,키보드,store,4,79000,1000,card,true
ORD-000828,2026-01-27,CUST-0405,인천,도서,파이썬기초,mobile,2,28000,0,bank_transfer,false
ORD-000829,2026-01-27,CUST-0161,광주,스포츠,요가매트,mobile,1,59000,0,card,false
ORD-000830,2026-01-27,CUST-0121,서울,생활용품,책상조명,store,4,9000,5000,card,false
ORD-000831,2026-01-27,CUST-0063,인천,식품,견과류,mobile,1,26000,0,point,true
ORD-000832,2026-01-27,CUST-0055,경기,식품,비타민음료,web,4,11000,0,point,false
ORD-000833,2026-01-27,CUST-0274,부산,생활용품,청소도구,store,5,23000,0,card,false
ORD-000834,2026-01-27,CUST-0186,대구,패션,가방,store,2,129000,0,point,false
ORD-000835,2026-01-27,CUST-0130,광주,패션,티셔츠,mobile,1,19000,5000,point,false
ORD-000836,2026-01-27,CUST-0199,서울,스포츠,운동밴드,mobile,5,12000,0,point,false
ORD-000837,2026-01-27,CUST-0469,대구,패션,티셔츠,store,3,49000,0,point,false
ORD-000838,2026-01-27,CUST-0242,대전,스포츠,러닝벨트,mobile,3,12000,0,point,false
ORD-000839,2026-01-27,CUST-0260,서울,스포츠,러닝벨트,mobile,2,12000,5000,coupon,false
ORD-000840,2026-01-27,CUST-0323,대구,식품,견과류,store,1,26000,0,bank_transfer,false
ORD-000841,2026-01-27,CUST-0043,서울,전자기기,모니터,web,3,45000,0,bank_transfer,true
ORD-000842,2026-01-27,CUST-0448,대전,식품,간편식,web,3,26000,1000,point,false
ORD-000843,2026-01-27,CUST-0189,경기,도서,보안개론,mobile,2,28000,0,coupon,false
ORD-000844,2026-01-27,CUST-0321,경기,식품,간편식,web,1,6000,2000,coupon,true
ORD-000845,2026-01-27,CUST-0220,광주,도서,보안개론,mobile,1,22000,1000,bank_transfer,true
ORD-000846,2026-01-27,CUST-0368,광주,전자기기,마우스,mobile,5,45000,0,coupon,false
ORD-000847,2026-01-27,CUST-0098,인천,스포츠,러닝벨트,mobile,2,12000,5000,point,false
ORD-000848,2026-01-27,CUST-0308,경기,스포츠,러닝벨트,mobile,2,59000,1000,bank_transfer,false
ORD-000849,2026-01-27,CUST-0500,부산,생활용품,텀블러,web,2,37000,0,coupon,false
ORD-000850,2026-01-27,CUST-0069,인천,도서,보안개론,mobile,1,35000,0,coupon,false
ORD-000851,2026-01-27,CUST-0132,서울,스포츠,덤벨,web,4,59000,5000,card,true
ORD-000852,2026-01-27,CUST-0481,대전,전자기기,마우스,store,4,45000,0,card,true
ORD-000853,2026-01-27,CUST-0203,대전,전자기기,마우스,mobile,5,320000,1000,bank_transfer,false
ORD-000854,2026-01-27,CUST-0253,부산,식품,커피,mobile,3,11000,0,bank_transfer,true
ORD-000855,2026-01-27,CUST-0060,부산,전자기기,마우스,web,4,320000,0,bank_transfer,false
ORD-000856,2026-01-27,CUST-0314,인천,생활용품,책상조명,mobile,4,23000,0,point,false
ORD-000857,2026-01-27,CUST-0437,대전,생활용품,텀블러,store,4,23000,0,coupon,true
ORD-000858,2026-01-27,CUST-0019,대구,전자기기,키보드,mobile,1,45000,0,bank_transfer,false
ORD-000859,2026-01-28,CUST-0183,대전,생활용품,청소도구,store,4,9000,0,coupon,false
ORD-000860,2026-01-28,CUST-0048,경기,생활용품,청소도구,mobile,2,9000,0,bank_transfer,false
ORD-000861,2026-01-28,CUST-0393,광주,도서,보안개론,web,5,22000,0,coupon,true
ORD-000862,2026-01-28,CUST-0146,대전,전자기기,키보드,store,1,150000,0,card,false
ORD-000863,2026-01-28,CUST-0042,대구,생활용품,책상조명,store,3,9000,0,coupon,false
ORD-000864,2026-01-28,CUST-0487,대구,생활용품,책상조명,mobile,3,9000,0,bank_transfer,true
ORD-000865,2026-01-28,CUST-0281,광주,도서,클라우드입문,mobile,3,28000,0,card,false
ORD-000866,2026-01-28,CUST-0011,인천,생활용품,책상조명,web,2,15000,1000,bank_transfer,false
ORD-000867,2026-01-28,CUST-0252,인천,생활용품,청소도구,mobile,2,23000,0,point,false
ORD-000868,2026-01-28,CUST-0103,대구,스포츠,덤벨,mobile,1,39000,0,coupon,true
ORD-000869,2026-01-28,CUST-0315,경기,생활용품,책상조명,mobile,1,37000,1000,coupon,false
ORD-000870,2026-01-28,CUST-0332,대전,전자기기,무선이어폰,store,3,320000,1000,bank_transfer,false
ORD-000871,2026-01-28,CUST-0465,인천,생활용품,수납박스,mobile,4,23000,1000,point,false
ORD-000872,2026-01-28,CUST-0152,광주,도서,파이썬기초,web,2,28000,2000,card,false
ORD-000873,2026-01-28,CUST-0049,대구,전자기기,USB허브,store,5,25000,1000,point,false
ORD-000874,2026-01-28,CUST-0380,대전,패션,자켓,mobile,5,19000,0,bank_transfer,false
ORD-000875,2026-01-28,CUST-0161,광주,도서,네트워크실습,store,1,15000,1000,coupon,false
ORD-000876,2026-01-28,CUST-0095,서울,스포츠,러닝벨트,store,3,39000,0,point,false
ORD-000877,2026-01-28,CUST-0203,서울,스포츠,요가매트,web,5,59000,0,bank_transfer,false
ORD-000878,2026-01-28,CUST-0372,대구,스포츠,러닝벨트,mobile,4,59000,5000,point,true
ORD-000879,2026-01-28,CUST-0008,경기,스포츠,러닝벨트,web,1,39000,0,card,false
ORD-000880,2026-01-28,CUST-0333,경기,스포츠,덤벨,mobile,2,12000,1000,bank_transfer,false
ORD-000881,2026-01-28,CUST-0012,서울,전자기기,마우스,web,2,150000,1000,bank_transfer,false
ORD-000882,2026-01-28,CUST-0300,경기,스포츠,러닝벨트,web,4,59000,0,point,false
ORD-000883,2026-01-28,CUST-0323,인천,식품,비타민음료,store,3,6000,0,coupon,false
ORD-000884,2026-01-28,CUST-0249,광주,생활용품,청소도구,store,1,23000,1000,coupon,false
ORD-000885,2026-01-28,CUST-0284,서울,도서,클라우드입문,mobile,4,15000,2000,coupon,false
ORD-000886,2026-01-28,CUST-0230,대전,생활용품,수납박스,mobile,5,37000,5000,card,false
ORD-000887,2026-01-28,CUST-0119,광주,도서,보안개론,web,4,22000,0,point,false
ORD-000888,2026-01-28,CUST-0492,대구,식품,비타민음료,store,3,11000,5000,point,false
ORD-000889,2026-01-28,CUST-0342,대구,생활용품,텀블러,web,3,15000,5000,bank_transfer,false
ORD-000890,2026-01-28,CUST-0156,경기,도서,파이썬기초,web,1,35000,1000,card,false
ORD-000891,2026-01-28,CUST-0090,인천,전자기기,마우스,store,3,79000,5000,card,false
ORD-000892,2026-01-28,CUST-0062,광주,전자기기,마우스,web,1,150000,2000,coupon,false
ORD-000893,2026-01-28,CUST-0459,경기,패션,자켓,store,1,89000,2000,card,false
ORD-000894,2026-01-28,CUST-0401,광주,스포츠,요가매트,store,4,59000,0,card,false
ORD-000895,2026-01-28,CUST-0446,경기,식품,커피,mobile,2,6000,5000,bank_transfer,false
ORD-000896,2026-01-28,CUST-0079,대전,스포츠,운동밴드,mobile,5,59000,1000,point,false
ORD-000897,2026-01-28,CUST-0126,인천,도서,클라우드입문,mobile,4,22000,1000,point,false
ORD-000898,2026-01-28,CUST-0185,대전,패션,운동화,store,3,19000,0,bank_transfer,false
ORD-000899,2026-01-28,CUST-0471,대구,도서,네트워크실습,mobile,2,22000,1000,point,false
ORD-000900,2026-01-28,CUST-0484,서울,전자기기,모니터,web,1,45000,5000,point,true
ORD-000901,2026-01-29,CUST-0339,대전,생활용품,텀블러,web,1,37000,1000,card,false
ORD-000902,2026-01-29,CUST-0448,부산,스포츠,운동밴드,store,4,59000,5000,point,true
ORD-000903,2026-01-29,CUST-0359,대구,패션,티셔츠,mobile,5,89000,2000,bank_transfer,false
ORD-000904,2026-01-29,CUST-0044,서울,식품,비타민음료,store,4,18000,0,point,false
ORD-000905,2026-01-29,CUST-0283,부산,생활용품,텀블러,store,2,23000,0,point,true
ORD-000906,2026-01-29,CUST-0133,경기,스포츠,덤벨,mobile,1,12000,2000,coupon,true
ORD-000907,2026-01-29,CUST-0182,서울,식품,커피,web,3,6000,0,card,true
ORD-000908,2026-01-29,CUST-0413,대전,생활용품,책상조명,store,4,9000,0,bank_transfer,false
ORD-000909,2026-01-29,CUST-0366,대구,패션,자켓,store,5,89000,5000,bank_transfer,false
ORD-000910,2026-01-29,CUST-0233,서울,전자기기,마우스,web,5,320000,0,coupon,false
ORD-000911,2026-01-29,CUST-0244,경기,생활용품,수납박스,mobile,1,9000,1000,card,false
ORD-000912,2026-01-29,CUST-0326,대구,패션,가방,mobile,3,129000,2000,coupon,false
ORD-000913,2026-01-29,CUST-0249,대전,스포츠,러닝벨트,mobile,2,24000,2000,bank_transfer,false
ORD-000914,2026-01-29,CUST-0383,경기,스포츠,요가매트,store,4,24000,1000,point,false
ORD-000915,2026-01-29,CUST-0293,부산,전자기기,USB허브,web,1,150000,0,bank_transfer,false
ORD-000916,2026-01-29,CUST-0249,서울,전자기기,마우스,web,3,79000,0,bank_transfer,false
ORD-000917,2026-01-29,CUST-0094,인천,식품,비타민음료,store,3,6000,0,coupon,false
ORD-000918,2026-01-29,CUST-0214,대구,전자기기,무선이어폰,store,3,320000,0,point,false
ORD-000919,2026-01-29,CUST-0068,인천,식품,비타민음료,web,4,18000,1000,coupon,true
ORD-000920,2026-01-29,CUST-0341,광주,생활용품,청소도구,mobile,3,15000,0,coupon,true
ORD-000921,2026-01-29,CUST-0377,부산,도서,네트워크실습,store,5,28000,0,card,false
ORD-000922,2026-01-29,CUST-0330,광주,도서,클라우드입문,web,5,28000,5000,bank_transfer,false
ORD-000923,2026-01-29,CUST-0062,대전,식품,커피,store,4,11000,2000,bank_transfer,false
ORD-000924,2026-01-29,CUST-0228,서울,전자기기,마우스,store,2,45000,5000,point,true
ORD-000925,2026-01-29,CUST-0093,대구,생활용품,수납박스,web,1,37000,0,point,false
ORD-000926,2026-01-29,CUST-0087,부산,생활용품,책상조명,web,1,9000,0,bank_transfer,true
ORD-000927,2026-01-29,CUST-0031,광주,패션,티셔츠,mobile,3,49000,1000,bank_transfer,false
ORD-000928,2026-01-29,CUST-0073,대구,전자기기,무선이어폰,mobile,4,79000,0,point,false
ORD-000929,2026-01-29,CUST-0301,경기,생활용품,수납박스,mobile,2,9000,0,coupon,true
ORD-000930,2026-01-29,CUST-0209,서울,전자기기,마우스,mobile,3,25000,1000,card,true
ORD-000931,2026-01-30,CUST-0346,서울,스포츠,덤벨,web,3,12000,2000,bank_transfer,true
ORD-000932,2026-01-30,CUST-0105,인천,패션,가방,web,1,129000,5000,point,true
ORD-000933,2026-01-30,CUST-0232,서울,식품,간편식,web,5,11000,1000,coupon,true
ORD-000934,2026-01-30,CUST-0140,광주,식품,견과류,mobile,1,11000,0,coupon,false
ORD-000935,2026-01-30,CUST-0289,서울,패션,운동화,mobile,1,89000,0,card,true
ORD-000936,2026-01-30,CUST-0108,광주,생활용품,수납박스,store,5,15000,0,point,false
ORD-000937,2026-01-30,CUST-0340,부산,스포츠,운동밴드,mobile,4,39000,0,bank_transfer,false
ORD-000938,2026-01-30,CUST-0312,대구,생활용품,책상조명,web,2,9000,5000,card,false
ORD-000939,2026-01-30,CUST-0391,대구,스포츠,덤벨,store,5,59000,5000,card,false
ORD-000940,2026-01-30,CUST-0181,인천,스포츠,요가매트,mobile,4,12000,5000,point,false
ORD-000941,2026-01-30,CUST-0480,경기,생활용품,텀블러,mobile,1,9000,1000,card,false
ORD-000942,2026-01-30,CUST-0418,광주,도서,클라우드입문,store,3,28000,0,point,false
ORD-000943,2026-01-30,CUST-0144,대구,스포츠,덤벨,store,4,24000,0,bank_transfer,false
ORD-000944,2026-01-30,CUST-0257,대구,전자기기,키보드,web,1,150000,0,bank_transfer,true
ORD-000945,2026-01-30,CUST-0066,부산,스포츠,덤벨,store,5,12000,0,bank_transfer,false
ORD-000946,2026-01-30,CUST-0315,부산,식품,견과류,store,1,11000,5000,coupon,true
ORD-000947,2026-01-30,CUST-0141,서울,전자기기,모니터,store,3,25000,1000,coupon,false
ORD-000948,2026-01-30,CUST-0471,대구,생활용품,책상조명,store,2,9000,0,coupon,false
ORD-000949,2026-01-30,CUST-0451,광주,패션,티셔츠,web,2,129000,0,bank_transfer,false
ORD-000950,2026-01-30,CUST-0169,부산,스포츠,러닝벨트,web,2,12000,0,card,false
ORD-000951,2026-01-30,CUST-0431,부산,전자기기,모니터,web,1,150000,2000,card,false
ORD-000952,2026-01-30,CUST-0407,경기,생활용품,텀블러,web,1,23000,0,coupon,true
ORD-000953,2026-01-30,CUST-0470,서울,전자기기,모니터,mobile,1,320000,0,point,false
ORD-000954,2026-01-30,CUST-0155,광주,스포츠,요가매트,store,1,24000,1000,coupon,false
ORD-000955,2026-01-30,CUST-0436,대구,전자기기,무선이어폰,mobile,5,25000,0,card,false
ORD-000956,2026-01-30,CUST-0006,대구,식품,비타민음료,mobile,5,11000,5000,coupon,true
ORD-000957,2026-01-30,CUST-0169,광주,생활용품,수납박스,web,1,23000,1000,card,true
ORD-000958,2026-01-30,CUST-0464,광주,전자기기,무선이어폰,web,1,320000,2000,point,false
ORD-000959,2026-01-30,CUST-0125,경기,패션,가방,web,5,129000,1000,card,false
ORD-000960,2026-01-30,CUST-0160,광주,도서,보안개론,store,5,35000,5000,bank_transfer,false
ORD-000961,2026-01-30,CUST-0189,서울,도서,네트워크실습,store,5,28000,0,bank_transfer,false
ORD-000962,2026-01-30,CUST-0177,경기,전자기기,키보드,web,5,320000,0,bank_transfer,false
ORD-000963,2026-01-30,CUST-0308,대전,전자기기,마우스,mobile,4,45000,5000,point,false
ORD-000964,2026-01-31,CUST-0449,인천,패션,가방,web,2,89000,0,coupon,false
ORD-000965,2026-01-31,CUST-0110,경기,도서,클라우드입문,mobile,2,22000,1000,point,true
ORD-000966,2026-01-31,CUST-0186,서울,스포츠,러닝벨트,web,4,24000,0,point,false
ORD-000967,2026-01-31,CUST-0100,대전,전자기기,USB허브,store,2,25000,0,point,false
ORD-000968,2026-01-31,CUST-0113,부산,전자기기,무선이어폰,store,2,45000,0,bank_transfer,false
ORD-000969,2026-01-31,CUST-0432,부산,패션,운동화,web,2,49000,0,card,false
ORD-000970,2026-01-31,CUST-0157,대구,스포츠,덤벨,web,1,59000,0,point,false
ORD-000971,2026-01-31,CUST-0452,경기,패션,운동화,web,1,129000,0,bank_transfer,false
ORD-000972,2026-01-31,CUST-0326,경기,식품,비타민음료,web,3,18000,2000,bank_transfer,false
ORD-000973,2026-01-31,CUST-0323,인천,식품,견과류,mobile,3,11000,0,bank_transfer,false
ORD-000974,2026-01-31,CUST-0034,경기,식품,비타민음료,store,1,11000,1000,coupon,true
ORD-000975,2026-01-31,CUST-0165,대전,스포츠,운동밴드,mobile,5,59000,1000,coupon,false
ORD-000976,2026-01-31,CUST-0327,인천,스포츠,러닝벨트,store,3,59000,2000,card,false
ORD-000977,2026-01-31,CUST-0112,부산,도서,파이썬기초,mobile,4,22000,0,coupon,false
ORD-000978,2026-01-31,CUST-0069,인천,식품,간편식,web,3,18000,2000,point,false
ORD-000979,2026-01-31,CUST-0263,광주,생활용품,책상조명,mobile,5,15000,0,coupon,false
ORD-000980,2026-01-31,CUST-0163,부산,생활용품,청소도구,mobile,4,37000,0,card,false
ORD-000981,2026-01-31,CUST-0184,서울,도서,네트워크실습,mobile,3,22000,5000,card,false
ORD-000982,2026-01-31,CUST-0020,광주,패션,운동화,web,1,19000,0,point,false
ORD-000983,2026-01-31,CUST-0098,대전,도서,보안개론,store,3,28000,5000,bank_transfer,false
ORD-000984,2026-01-31,CUST-0401,대구,스포츠,운동밴드,mobile,3,12000,0,card,false
ORD-000985,2026-01-31,CUST-0243,경기,생활용품,텀블러,store,2,37000,0,coupon,false
ORD-000986,2026-01-31,CUST-0220,인천,스포츠,러닝벨트,store,1,39000,0,coupon,false
ORD-000987,2026-01-31,CUST-0072,광주,도서,네트워크실습,web,5,35000,0,point,false
ORD-000988,2026-01-31,CUST-0215,대구,스포츠,요가매트,store,3,59000,0,coupon,false
ORD-000989,2026-01-31,CUST-0403,서울,스포츠,운동밴드,web,5,39000,0,bank_transfer,true
ORD-000990,2026-01-31,CUST-0274,대구,패션,가방,web,2,129000,1000,coupon,false
ORD-000991,2026-01-31,CUST-0048,경기,전자기기,마우스,web,4,320000,5000,bank_transfer,false
ORD-000992,2026-01-31,CUST-0036,대구,전자기기,USB허브,mobile,1,150000,0,bank_transfer,false
ORD-000993,2026-01-31,CUST-0266,서울,도서,보안개론,web,4,15000,0,point,false
ORD-000994,2026-01-31,CUST-0215,대구,생활용품,청소도구,store,1,15000,0,card,true
ORD-000995,2026-01-31,CUST-0419,대전,생활용품,텀블러,store,2,15000,0,coupon,false
ORD-000996,2026-01-31,CUST-0142,경기,도서,보안개론,web,5,22000,5000,bank_transfer,false
ORD-000997,2026-01-31,CUST-0169,광주,생활용품,수납박스,mobile,5,37000,0,coupon,true
ORD-000998,2026-01-31,CUST-0178,대전,생활용품,수납박스,store,3,9000,5000,point,false
ORD-000999,2026-01-31,CUST-0376,대구,생활용품,텀블러,mobile,2,37000,0,coupon,true
ORD-001000,2026-01-31,CUST-0123,인천,스포츠,덤벨,web,4,12000,5000,point,false
ORD-001001,2026-01-31,CUST-0391,광주,스포츠,운동밴드,web,2,12000,1000,point,false
ORD-001002,2026-01-31,CUST-0085,부산,전자기기,무선이어폰,web,3,320000,1000,card,false
ORD-001003,2026-02-01,CUST-0439,경기,전자기기,무선이어폰,mobile,4,150000,0,card,false
ORD-001004,2026-02-01,CUST-0249,대구,전자기기,마우스,web,2,25000,0,card,false
ORD-001005,2026-02-01,CUST-0431,경기,식품,간편식,web,2,26000,1000,card,false
ORD-001006,2026-02-01,CUST-0380,대구,식품,커피,web,3,11000,0,card,true
ORD-001007,2026-02-01,CUST-0092,경기,스포츠,요가매트,store,2,39000,1000,card,false
ORD-001008,2026-02-01,CUST-0329,대전,스포츠,덤벨,store,1,59000,5000,card,true
ORD-001009,2026-02-01,CUST-0025,인천,생활용품,책상조명,mobile,1,37000,2000,bank_transfer,false
ORD-001010,2026-02-01,CUST-0216,서울,도서,보안개론,web,2,22000,0,point,false
ORD-001011,2026-02-01,CUST-0371,경기,도서,클라우드입문,web,1,22000,5000,coupon,false
ORD-001012,2026-02-01,CUST-0320,경기,식품,커피,store,3,18000,2000,coupon,false
ORD-001013,2026-02-01,CUST-0166,경기,생활용품,수납박스,web,2,15000,0,coupon,false
ORD-001014,2026-02-01,CUST-0113,서울,스포츠,운동밴드,store,4,12000,0,point,false
ORD-001015,2026-02-01,CUST-0155,인천,스포츠,운동밴드,store,1,12000,0,coupon,false
ORD-001016,2026-02-01,CUST-0308,부산,전자기기,USB허브,store,2,320000,0,coupon,false
ORD-001017,2026-02-01,CUST-0436,대전,스포츠,덤벨,mobile,2,39000,5000,card,false
ORD-001018,2026-02-01,CUST-0258,광주,패션,티셔츠,store,4,129000,2000,card,false
ORD-001019,2026-02-01,CUST-0388,경기,도서,클라우드입문,store,3,15000,0,card,false
ORD-001020,2026-02-01,CUST-0078,대구,전자기기,키보드,web,4,79000,0,card,false
ORD-001021,2026-02-01,CUST-0330,인천,도서,네트워크실습,web,2,28000,0,coupon,false
ORD-001022,2026-02-01,CUST-0176,경기,스포츠,운동밴드,web,2,12000,5000,card,false
ORD-001023,2026-02-01,CUST-0165,경기,스포츠,덤벨,mobile,5,24000,1000,card,true
ORD-001024,2026-02-01,CUST-0481,경기,전자기기,모니터,web,2,25000,0,card,false
ORD-001025,2026-02-01,CUST-0372,대구,도서,파이썬기초,mobile,5,22000,0,bank_transfer,false
ORD-001026,2026-02-01,CUST-0128,부산,스포츠,덤벨,mobile,4,24000,0,coupon,true
ORD-001027,2026-02-01,CUST-0204,대구,스포츠,덤벨,web,4,39000,0,coupon,false
ORD-001028,2026-02-01,CUST-0391,대구,생활용품,청소도구,mobile,2,37000,1000,card,false
ORD-001029,2026-02-01,CUST-0157,대구,패션,운동화,mobile,3,49000,1000,coupon,false
ORD-001030,2026-02-01,CUST-0101,경기,식품,비타민음료,web,3,6000,0,card,false
ORD-001031,2026-02-01,CUST-0482,대구,전자기기,USB허브,store,4,79000,1000,point,false
ORD-001032,2026-02-01,CUST-0454,서울,생활용품,청소도구,web,5,23000,0,coupon,false
ORD-001033,2026-02-01,CUST-0261,대전,식품,간편식,mobile,4,11000,0,point,false
ORD-001034,2026-02-01,CUST-0125,대구,스포츠,요가매트,web,4,59000,5000,point,false
ORD-001035,2026-02-01,CUST-0484,대전,스포츠,요가매트,web,3,24000,2000,point,false
ORD-001036,2026-02-01,CUST-0204,대전,도서,파이썬기초,store,1,15000,0,card,false
ORD-001037,2026-02-02,CUST-0257,광주,도서,네트워크실습,store,4,22000,0,coupon,false
ORD-001038,2026-02-02,CUST-0398,인천,식품,견과류,mobile,1,26000,0,bank_transfer,true
ORD-001039,2026-02-02,CUST-0418,대구,패션,운동화,web,3,129000,0,card,false
ORD-001040,2026-02-02,CUST-0376,대구,전자기기,모니터,web,4,320000,5000,bank_transfer,false
ORD-001041,2026-02-02,CUST-0258,서울,패션,운동화,mobile,2,49000,1000,bank_transfer,false
ORD-001042,2026-02-02,CUST-0462,인천,도서,파이썬기초,mobile,2,15000,0,coupon,false
ORD-001043,2026-02-02,CUST-0194,서울,스포츠,요가매트,mobile,1,24000,0,card,false
ORD-001044,2026-02-02,CUST-0005,서울,패션,티셔츠,mobile,4,49000,1000,card,false
ORD-001045,2026-02-02,CUST-0193,광주,스포츠,요가매트,store,2,12000,2000,point,false
ORD-001046,2026-02-02,CUST-0190,대전,생활용품,청소도구,mobile,5,23000,1000,point,false
ORD-001047,2026-02-02,CUST-0500,부산,도서,보안개론,mobile,4,35000,2000,card,false
ORD-001048,2026-02-02,CUST-0063,인천,전자기기,모니터,store,2,150000,0,point,true
ORD-001049,2026-02-02,CUST-0264,대구,스포츠,덤벨,store,4,39000,2000,bank_transfer,false
ORD-001050,2026-02-02,CUST-0348,대구,전자기기,마우스,web,3,25000,0,coupon,false
ORD-001051,2026-02-02,CUST-0376,대구,생활용품,수납박스,mobile,4,23000,1000,bank_transfer,false
ORD-001052,2026-02-02,CUST-0155,인천,스포츠,덤벨,store,2,12000,1000,coupon,false
ORD-001053,2026-02-02,CUST-0124,경기,도서,네트워크실습,web,4,15000,5000,bank_transfer,true
ORD-001054,2026-02-02,CUST-0083,부산,스포츠,요가매트,mobile,4,12000,5000,point,false
ORD-001055,2026-02-02,CUST-0473,광주,도서,보안개론,store,1,35000,5000,coupon,false
ORD-001056,2026-02-02,CUST-0330,부산,전자기기,마우스,mobile,5,45000,2000,coupon,false
ORD-001057,2026-02-02,CUST-0149,서울,스포츠,러닝벨트,web,2,24000,0,card,false
ORD-001058,2026-02-02,CUST-0437,부산,패션,운동화,mobile,5,19000,0,card,false
ORD-001059,2026-02-02,CUST-0395,부산,패션,티셔츠,store,4,49000,1000,bank_transfer,false
ORD-001060,2026-02-02,CUST-0437,대구,식품,간편식,mobile,4,6000,0,bank_transfer,true
ORD-001061,2026-02-02,CUST-0146,경기,패션,운동화,store,4,129000,0,card,true
ORD-001062,2026-02-02,CUST-0141,인천,식품,견과류,store,5,18000,5000,coupon,false
ORD-001063,2026-02-02,CUST-0031,인천,스포츠,덤벨,mobile,3,59000,5000,bank_transfer,false
ORD-001064,2026-02-02,CUST-0373,대구,스포츠,덤벨,mobile,1,24000,0,bank_transfer,false
ORD-001065,2026-02-02,CUST-0179,인천,전자기기,USB허브,mobile,3,150000,1000,coupon,false
ORD-001066,2026-02-02,CUST-0359,인천,전자기기,USB허브,store,3,79000,5000,coupon,false
ORD-001067,2026-02-02,CUST-0235,대전,전자기기,키보드,web,5,79000,0,bank_transfer,false
ORD-001068,2026-02-02,CUST-0412,대전,생활용품,청소도구,web,2,23000,0,card,false
ORD-001069,2026-02-02,CUST-0475,서울,패션,티셔츠,web,4,49000,1000,point,false
ORD-001070,2026-02-02,CUST-0304,대구,생활용품,텀블러,web,1,9000,2000,coupon,false
ORD-001071,2026-02-02,CUST-0155,대전,도서,클라우드입문,store,2,15000,1000,bank_transfer,false
ORD-001072,2026-02-02,CUST-0141,대전,스포츠,러닝벨트,store,4,12000,5000,coupon,false
ORD-001073,2026-02-03,CUST-0329,대전,전자기기,무선이어폰,store,1,25000,0,bank_transfer,false
ORD-001074,2026-02-03,CUST-0356,대전,전자기기,USB허브,web,5,320000,1000,bank_transfer,false
ORD-001075,2026-02-03,CUST-0051,부산,생활용품,청소도구,web,3,37000,2000,bank_transfer,false
ORD-001076,2026-02-03,CUST-0251,서울,생활용품,수납박스,store,5,37000,2000,card,true
ORD-001077,2026-02-03,CUST-0003,광주,도서,클라우드입문,mobile,5,22000,5000,point,false
ORD-001078,2026-02-03,CUST-0045,광주,전자기기,무선이어폰,mobile,5,45000,0,card,false
ORD-001079,2026-02-03,CUST-0088,대구,전자기기,무선이어폰,store,3,320000,0,card,true
ORD-001080,2026-02-03,CUST-0228,경기,도서,보안개론,store,5,15000,0,coupon,true
ORD-001081,2026-02-03,CUST-0108,대전,스포츠,운동밴드,web,5,39000,2000,card,true
ORD-001082,2026-02-03,CUST-0491,경기,도서,클라우드입문,store,2,22000,0,bank_transfer,false
ORD-001083,2026-02-03,CUST-0217,서울,식품,견과류,store,2,18000,5000,point,true
ORD-001084,2026-02-03,CUST-0484,부산,패션,가방,store,4,49000,1000,coupon,false
ORD-001085,2026-02-03,CUST-0325,대전,스포츠,덤벨,store,1,24000,5000,bank_transfer,false
ORD-001086,2026-02-03,CUST-0404,대구,스포츠,운동밴드,mobile,4,24000,0,card,false
ORD-001087,2026-02-03,CUST-0057,대전,식품,간편식,store,3,6000,0,coupon,true
ORD-001088,2026-02-03,CUST-0075,인천,전자기기,마우스,web,3,25000,0,point,false
ORD-001089,2026-02-03,CUST-0401,서울,전자기기,무선이어폰,web,2,150000,1000,point,false
ORD-001090,2026-02-03,CUST-0444,부산,식품,비타민음료,store,5,6000,0,point,true
ORD-001091,2026-02-03,CUST-0093,부산,식품,커피,store,2,6000,0,coupon,false
ORD-001092,2026-02-03,CUST-0366,경기,생활용품,텀블러,store,1,23000,5000,bank_transfer,true
ORD-001093,2026-02-03,CUST-0363,인천,도서,네트워크실습,web,1,28000,5000,coupon,false
ORD-001094,2026-02-03,CUST-0258,부산,스포츠,러닝벨트,mobile,4,24000,0,coupon,false
ORD-001095,2026-02-03,CUST-0395,부산,식품,간편식,web,1,18000,0,card,false
ORD-001096,2026-02-03,CUST-0044,대전,전자기기,키보드,mobile,2,25000,2000,coupon,false
ORD-001097,2026-02-03,CUST-0264,대전,전자기기,모니터,store,2,320000,1000,card,false
ORD-001098,2026-02-03,CUST-0360,광주,생활용품,수납박스,store,1,15000,5000,point,false
ORD-001099,2026-02-03,CUST-0463,경기,도서,클라우드입문,web,2,35000,5000,card,true
ORD-001100,2026-02-03,CUST-0195,경기,패션,운동화,mobile,1,89000,1000,card,false
ORD-001101,2026-02-03,CUST-0151,부산,패션,운동화,web,3,19000,0,card,false
ORD-001102,2026-02-03,CUST-0423,서울,스포츠,러닝벨트,mobile,3,24000,5000,coupon,true
ORD-001103,2026-02-03,CUST-0153,부산,전자기기,마우스,web,5,25000,1000,card,false
ORD-001104,2026-02-04,CUST-0221,대구,스포츠,덤벨,web,3,59000,0,card,false
ORD-001105,2026-02-04,CUST-0080,인천,식품,간편식,store,1,26000,1000,point,false
ORD-001106,2026-02-04,CUST-0220,경기,도서,네트워크실습,store,3,35000,0,point,false
ORD-001107,2026-02-04,CUST-0383,대구,전자기기,모니터,web,2,150000,0,point,false
ORD-001108,2026-02-04,CUST-0069,대구,스포츠,덤벨,mobile,2,12000,0,point,false
ORD-001109,2026-02-04,CUST-0061,대구,전자기기,키보드,mobile,4,45000,5000,coupon,false
ORD-001110,2026-02-04,CUST-0068,서울,스포츠,덤벨,web,4,39000,2000,card,false
ORD-001111,2026-02-04,CUST-0027,대전,도서,파이썬기초,mobile,5,28000,0,coupon,false
ORD-001112,2026-02-04,CUST-0249,서울,식품,커피,mobile,4,26000,0,bank_transfer,false
ORD-001113,2026-02-04,CUST-0443,부산,식품,간편식,store,2,11000,0,bank_transfer,false
ORD-001114,2026-02-04,CUST-0359,대전,스포츠,러닝벨트,store,4,24000,5000,bank_transfer,false
ORD-001115,2026-02-04,CUST-0020,부산,도서,파이썬기초,web,1,22000,0,bank_transfer,false
ORD-001116,2026-02-04,CUST-0209,광주,생활용품,수납박스,mobile,1,15000,0,bank_transfer,false
ORD-001117,2026-02-04,CUST-0219,대전,도서,보안개론,web,4,35000,0,point,true
ORD-001118,2026-02-04,CUST-0127,부산,전자기기,마우스,web,3,79000,0,bank_transfer,false
ORD-001119,2026-02-04,CUST-0242,부산,전자기기,무선이어폰,store,3,25000,0,card,false
ORD-001120,2026-02-04,CUST-0156,서울,생활용품,텀블러,web,4,23000,0,card,false
ORD-001121,2026-02-04,CUST-0381,인천,스포츠,덤벨,store,3,39000,5000,point,false
ORD-001122,2026-02-04,CUST-0455,서울,도서,보안개론,web,5,22000,1000,card,false
ORD-001123,2026-02-04,CUST-0474,서울,전자기기,USB허브,web,2,45000,5000,point,false
ORD-001124,2026-02-04,CUST-0023,경기,패션,가방,web,5,49000,5000,coupon,false
ORD-001125,2026-02-04,CUST-0467,대구,식품,견과류,web,3,18000,1000,coupon,false
ORD-001126,2026-02-04,CUST-0149,서울,생활용품,수납박스,store,5,15000,0,card,false
ORD-001127,2026-02-04,CUST-0446,광주,스포츠,덤벨,web,4,59000,5000,bank_transfer,true
ORD-001128,2026-02-04,CUST-0106,경기,생활용품,청소도구,web,4,37000,2000,bank_transfer,false
ORD-001129,2026-02-04,CUST-0363,대전,식품,간편식,store,5,6000,1000,point,true
ORD-001130,2026-02-04,CUST-0088,경기,패션,운동화,web,3,89000,2000,bank_transfer,false
ORD-001131,2026-02-04,CUST-0448,인천,패션,티셔츠,web,3,49000,0,bank_transfer,false
ORD-001132,2026-02-04,CUST-0498,부산,도서,클라우드입문,mobile,3,15000,5000,card,true
ORD-001133,2026-02-04,CUST-0167,서울,스포츠,운동밴드,store,4,24000,2000,card,false
ORD-001134,2026-02-04,CUST-0276,대전,패션,운동화,store,2,89000,0,card,false
ORD-001135,2026-02-05,CUST-0419,대구,스포츠,러닝벨트,web,5,39000,2000,point,false
ORD-001136,2026-02-05,CUST-0374,대전,패션,운동화,mobile,2,129000,1000,point,false
ORD-001137,2026-02-05,CUST-0095,인천,도서,네트워크실습,web,4,15000,0,bank_transfer,false
ORD-001138,2026-02-05,CUST-0084,경기,식품,비타민음료,mobile,3,11000,0,bank_transfer,false
ORD-001139,2026-02-05,CUST-0466,대전,전자기기,키보드,mobile,4,25000,0,card,false
ORD-001140,2026-02-05,CUST-0197,서울,스포츠,덤벨,web,5,12000,0,card,false
ORD-001141,2026-02-05,CUST-0074,대전,스포츠,요가매트,store,2,24000,0,card,false
ORD-001142,2026-02-05,CUST-0104,경기,전자기기,무선이어폰,mobile,3,320000,5000,coupon,false
ORD-001143,2026-02-05,CUST-0029,광주,도서,보안개론,store,4,28000,0,point,false
ORD-001144,2026-02-05,CUST-0152,서울,스포츠,요가매트,store,1,12000,0,coupon,true
ORD-001145,2026-02-05,CUST-0198,경기,도서,클라우드입문,mobile,1,22000,0,point,false
ORD-001146,2026-02-05,CUST-0115,서울,도서,네트워크실습,mobile,4,15000,0,point,false
ORD-001147,2026-02-05,CUST-0459,서울,전자기기,USB허브,store,1,79000,0,bank_transfer,false
ORD-001148,2026-02-05,CUST-0077,대전,도서,네트워크실습,store,5,28000,0,point,false
ORD-001149,2026-02-05,CUST-0339,부산,식품,견과류,mobile,1,18000,0,card,false
ORD-001150,2026-02-05,CUST-0229,대전,전자기기,키보드,mobile,3,45000,0,card,false
ORD-001151,2026-02-05,CUST-0166,경기,전자기기,USB허브,web,3,150000,0,coupon,false
ORD-001152,2026-02-05,CUST-0309,인천,패션,자켓,store,4,129000,1000,point,false
ORD-001153,2026-02-05,CUST-0276,광주,도서,파이썬기초,mobile,4,35000,2000,bank_transfer,false
ORD-001154,2026-02-05,CUST-0360,서울,생활용품,수납박스,web,5,37000,2000,point,false
ORD-001155,2026-02-05,CUST-0491,경기,전자기기,키보드,web,3,25000,2000,card,false
ORD-001156,2026-02-05,CUST-0428,인천,패션,자켓,store,3,49000,1000,coupon,false
ORD-001157,2026-02-05,CUST-0061,대전,도서,파이썬기초,store,1,22000,5000,bank_transfer,false
ORD-001158,2026-02-05,CUST-0340,광주,생활용품,수납박스,web,3,37000,0,coupon,false
ORD-001159,2026-02-05,CUST-0041,경기,식품,간편식,web,2,6000,0,card,false
ORD-001160,2026-02-05,CUST-0384,광주,식품,비타민음료,store,2,11000,1000,point,false
ORD-001161,2026-02-05,CUST-0147,서울,생활용품,청소도구,web,4,23000,5000,card,false
ORD-001162,2026-02-05,CUST-0203,인천,스포츠,요가매트,mobile,5,24000,0,coupon,false
ORD-001163,2026-02-05,CUST-0140,서울,식품,견과류,store,2,18000,1000,coupon,false
ORD-001164,2026-02-05,CUST-0201,경기,도서,파이썬기초,store,5,35000,0,card,false
ORD-001165,2026-02-05,CUST-0424,대구,스포츠,러닝벨트,web,3,59000,5000,card,false
ORD-001166,2026-02-05,CUST-0040,부산,패션,가방,store,3,49000,0,point,false
ORD-001167,2026-02-05,CUST-0034,경기,전자기기,키보드,store,2,79000,2000,card,false
ORD-001168,2026-02-05,CUST-0044,광주,패션,운동화,store,1,49000,0,card,false
ORD-001169,2026-02-05,CUST-0484,부산,식품,비타민음료,web,1,6000,0,point,false
ORD-001170,2026-02-05,CUST-0499,경기,패션,가방,store,3,49000,1000,card,false
ORD-001171,2026-02-05,CUST-0301,인천,패션,가방,mobile,5,19000,0,coupon,false
ORD-001172,2026-02-05,CUST-0041,대전,식품,커피,web,2,18000,0,bank_transfer,false
ORD-001173,2026-02-05,CUST-0334,광주,도서,파이썬기초,mobile,5,22000,2000,coupon,true
ORD-001174,2026-02-05,CUST-0021,대전,도서,보안개론,store,3,28000,2000,coupon,false
ORD-001175,2026-02-05,CUST-0050,인천,도서,파이썬기초,web,2,15000,2000,bank_transfer,false
ORD-001176,2026-02-05,CUST-0087,부산,패션,티셔츠,web,1,129000,1000,card,false
ORD-001177,2026-02-05,CUST-0364,인천,패션,자켓,mobile,1,89000,0,point,false
ORD-001178,2026-02-06,CUST-0021,부산,패션,가방,mobile,1,49000,2000,coupon,false
ORD-001179,2026-02-06,CUST-0488,부산,생활용품,텀블러,mobile,3,37000,2000,card,true
ORD-001180,2026-02-06,CUST-0318,대전,스포츠,러닝벨트,web,3,59000,5000,bank_transfer,false
ORD-001181,2026-02-06,CUST-0082,광주,스포츠,요가매트,mobile,1,24000,0,card,false
ORD-001182,2026-02-06,CUST-0240,대전,도서,네트워크실습,store,1,35000,0,coupon,false
ORD-001183,2026-02-06,CUST-0103,대구,전자기기,무선이어폰,mobile,1,45000,1000,card,false
ORD-001184,2026-02-06,CUST-0059,부산,패션,자켓,mobile,2,129000,5000,card,false
ORD-001185,2026-02-06,CUST-0164,광주,식품,간편식,web,2,26000,5000,coupon,false
ORD-001186,2026-02-06,CUST-0109,인천,전자기기,마우스,web,4,150000,0,coupon,false
ORD-001187,2026-02-06,CUST-0141,대구,패션,자켓,web,1,49000,0,point,false
ORD-001188,2026-02-06,CUST-0095,인천,스포츠,러닝벨트,web,5,59000,0,card,false
ORD-001189,2026-02-06,CUST-0483,대구,생활용품,책상조명,mobile,2,23000,0,coupon,false
ORD-001190,2026-02-06,CUST-0200,인천,식품,간편식,web,3,26000,5000,bank_transfer,true
ORD-001191,2026-02-06,CUST-0008,경기,전자기기,USB허브,mobile,2,320000,0,bank_transfer,false
ORD-001192,2026-02-06,CUST-0370,서울,생활용품,책상조명,mobile,4,9000,0,bank_transfer,true
ORD-001193,2026-02-06,CUST-0216,대전,스포츠,러닝벨트,store,1,12000,0,bank_transfer,false
ORD-001194,2026-02-06,CUST-0498,대전,식품,비타민음료,store,3,11000,0,card,false
ORD-001195,2026-02-06,CUST-0420,인천,패션,자켓,web,3,19000,0,coupon,true
ORD-001196,2026-02-06,CUST-0425,광주,스포츠,러닝벨트,mobile,4,59000,0,point,false
ORD-001197,2026-02-06,CUST-0284,광주,전자기기,키보드,web,4,150000,0,coupon,false
ORD-001198,2026-02-06,CUST-0481,인천,생활용품,책상조명,web,3,37000,5000,card,true
ORD-001199,2026-02-06,CUST-0255,대전,전자기기,무선이어폰,store,5,25000,1000,card,false
ORD-001200,2026-02-06,CUST-0115,인천,스포츠,러닝벨트,mobile,3,12000,1000,coupon,false
ORD-001201,2026-02-06,CUST-0212,인천,전자기기,키보드,store,1,150000,0,coupon,false
ORD-001202,2026-02-06,CUST-0451,대전,전자기기,마우스,mobile,5,45000,0,point,false
ORD-001203,2026-02-06,CUST-0014,경기,생활용품,텀블러,mobile,4,9000,0,point,false
ORD-001204,2026-02-06,CUST-0099,광주,패션,운동화,store,2,129000,2000,coupon,false
ORD-001205,2026-02-06,CUST-0373,경기,전자기기,USB허브,mobile,2,150000,5000,point,false
ORD-001206,2026-02-06,CUST-0259,서울,식품,간편식,store,2,26000,0,coupon,false
ORD-001207,2026-02-06,CUST-0048,서울,스포츠,운동밴드,mobile,3,24000,0,card,false
ORD-001208,2026-02-06,CUST-0472,서울,스포츠,덤벨,store,5,12000,5000,coupon,true
ORD-001209,2026-02-06,CUST-0335,경기,전자기기,키보드,mobile,3,150000,0,bank_transfer,false
ORD-001210,2026-02-06,CUST-0141,서울,식품,간편식,web,3,26000,5000,card,false
ORD-001211,2026-02-06,CUST-0055,경기,스포츠,요가매트,mobile,4,12000,2000,point,false
ORD-001212,2026-02-06,CUST-0201,서울,도서,클라우드입문,mobile,4,15000,0,card,false
ORD-001213,2026-02-07,CUST-0193,부산,전자기기,모니터,store,2,25000,5000,coupon,false
ORD-001214,2026-02-07,CUST-0324,광주,도서,파이썬기초,web,1,28000,0,card,true
ORD-001215,2026-02-07,CUST-0003,경기,패션,자켓,store,5,129000,2000,point,true
ORD-001216,2026-02-07,CUST-0266,광주,전자기기,키보드,web,1,320000,2000,bank_transfer,false
ORD-001217,2026-02-07,CUST-0113,서울,패션,티셔츠,store,1,49000,0,bank_transfer,false
ORD-001218,2026-02-07,CUST-0363,광주,패션,자켓,store,2,129000,0,point,false
ORD-001219,2026-02-07,CUST-0129,경기,생활용품,청소도구,web,5,37000,1000,point,false
ORD-001220,2026-02-07,CUST-0222,대구,생활용품,수납박스,mobile,2,23000,0,point,false
ORD-001221,2026-02-07,CUST-0181,부산,패션,티셔츠,store,4,129000,0,card,true
ORD-001222,2026-02-07,CUST-0210,부산,생활용품,텀블러,store,5,9000,0,point,true
ORD-001223,2026-02-07,CUST-0405,경기,생활용품,수납박스,mobile,2,9000,0,bank_transfer,false
ORD-001224,2026-02-07,CUST-0063,서울,전자기기,키보드,mobile,3,79000,0,card,false
ORD-001225,2026-02-07,CUST-0461,경기,스포츠,운동밴드,store,4,24000,2000,card,false
ORD-001226,2026-02-07,CUST-0288,부산,생활용품,책상조명,store,5,15000,0,card,false
ORD-001227,2026-02-07,CUST-0101,서울,식품,비타민음료,mobile,3,26000,0,coupon,false
ORD-001228,2026-02-07,CUST-0088,광주,전자기기,마우스,mobile,1,150000,0,coupon,false
ORD-001229,2026-02-07,CUST-0003,대구,도서,클라우드입문,mobile,1,28000,5000,bank_transfer,true
ORD-001230,2026-02-07,CUST-0036,대구,생활용품,수납박스,web,3,9000,5000,coupon,false
ORD-001231,2026-02-07,CUST-0041,광주,스포츠,운동밴드,mobile,3,39000,0,coupon,false
ORD-001232,2026-02-07,CUST-0253,인천,식품,커피,store,3,26000,5000,card,false
ORD-001233,2026-02-07,CUST-0072,서울,패션,티셔츠,mobile,2,19000,0,coupon,false
ORD-001234,2026-02-07,CUST-0418,광주,도서,파이썬기초,web,2,15000,5000,card,false
ORD-001235,2026-02-07,CUST-0136,부산,패션,티셔츠,store,1,19000,0,coupon,false
ORD-001236,2026-02-07,CUST-0065,부산,패션,운동화,web,5,49000,1000,coupon,false
ORD-001237,2026-02-07,CUST-0296,대구,스포츠,러닝벨트,store,5,12000,2000,coupon,false
ORD-001238,2026-02-07,CUST-0393,부산,패션,자켓,store,2,129000,0,card,false
ORD-001239,2026-02-07,CUST-0031,경기,패션,운동화,web,1,49000,0,bank_transfer,false
ORD-001240,2026-02-07,CUST-0107,인천,생활용품,청소도구,store,4,15000,0,point,false
ORD-001241,2026-02-07,CUST-0113,부산,패션,가방,mobile,5,49000,0,coupon,false
ORD-001242,2026-02-07,CUST-0217,경기,식품,간편식,store,2,26000,0,point,false
ORD-001243,2026-02-07,CUST-0124,서울,식품,커피,mobile,4,11000,0,bank_transfer,false
ORD-001244,2026-02-07,CUST-0136,서울,패션,티셔츠,store,5,129000,1000,card,false
ORD-001245,2026-02-07,CUST-0221,광주,패션,가방,mobile,2,49000,1000,card,true
ORD-001246,2026-02-08,CUST-0375,대구,패션,자켓,web,1,19000,5000,point,false
ORD-001247,2026-02-08,CUST-0312,대구,도서,네트워크실습,store,5,22000,0,coupon,true
ORD-001248,2026-02-08,CUST-0028,서울,전자기기,무선이어폰,store,1,45000,0,point,false
ORD-001249,2026-02-08,CUST-0359,대전,도서,클라우드입문,mobile,3,15000,0,coupon,true
ORD-001250,2026-02-08,CUST-0088,인천,생활용품,수납박스,web,3,15000,1000,point,false
ORD-001251,2026-02-08,CUST-0258,대전,스포츠,운동밴드,store,1,39000,0,coupon,false
ORD-001252,2026-02-08,CUST-0086,경기,스포츠,운동밴드,mobile,2,24000,0,coupon,false
ORD-001253,2026-02-08,CUST-0091,부산,도서,클라우드입문,web,4,35000,0,bank_transfer,false
ORD-001254,2026-02-08,CUST-0251,인천,스포츠,요가매트,web,4,39000,2000,coupon,false
ORD-001255,2026-02-08,CUST-0428,경기,전자기기,무선이어폰,store,5,25000,5000,bank_transfer,false
ORD-001256,2026-02-08,CUST-0232,대구,도서,클라우드입문,store,3,15000,5000,point,false
ORD-001257,2026-02-08,CUST-0007,인천,식품,견과류,mobile,3,26000,0,point,false
ORD-001258,2026-02-08,CUST-0373,대전,스포츠,운동밴드,web,1,59000,0,bank_transfer,true
ORD-001259,2026-02-08,CUST-0126,광주,생활용품,텀블러,store,3,15000,1000,coupon,false
ORD-001260,2026-02-08,CUST-0495,부산,패션,운동화,store,2,19000,1000,coupon,false
ORD-001261,2026-02-08,CUST-0302,대구,식품,간편식,mobile,3,18000,0,point,false
ORD-001262,2026-02-08,CUST-0408,대구,도서,클라우드입문,store,5,28000,0,point,false
ORD-001263,2026-02-08,CUST-0239,대전,패션,티셔츠,web,4,19000,5000,point,false
ORD-001264,2026-02-08,CUST-0410,부산,식품,간편식,web,4,18000,0,coupon,false
ORD-001265,2026-02-08,CUST-0251,부산,전자기기,키보드,web,5,79000,0,coupon,false
ORD-001266,2026-02-08,CUST-0450,부산,패션,티셔츠,store,3,19000,0,bank_transfer,false
ORD-001267,2026-02-08,CUST-0471,서울,전자기기,마우스,mobile,2,45000,1000,bank_transfer,true
ORD-001268,2026-02-08,CUST-0217,대구,전자기기,모니터,web,2,79000,5000,point,false
ORD-001269,2026-02-08,CUST-0412,광주,패션,자켓,web,5,49000,1000,bank_transfer,false
ORD-001270,2026-02-08,CUST-0157,서울,패션,운동화,mobile,5,129000,0,coupon,false
ORD-001271,2026-02-08,CUST-0270,대구,식품,간편식,store,4,26000,0,point,false
ORD-001272,2026-02-08,CUST-0216,대구,식품,견과류,mobile,3,26000,1000,card,false
ORD-001273,2026-02-08,CUST-0465,부산,식품,커피,web,1,26000,0,point,true
ORD-001274,2026-02-08,CUST-0344,서울,도서,보안개론,mobile,4,15000,0,coupon,false
ORD-001275,2026-02-08,CUST-0171,광주,전자기기,무선이어폰,web,3,25000,5000,point,false
ORD-001276,2026-02-08,CUST-0346,광주,식품,비타민음료,store,1,18000,0,card,true
ORD-001277,2026-02-08,CUST-0070,경기,스포츠,덤벨,store,5,24000,5000,bank_transfer,false
ORD-001278,2026-02-08,CUST-0059,서울,패션,자켓,web,4,19000,2000,bank_transfer,false
ORD-001279,2026-02-08,CUST-0243,서울,식품,커피,store,2,6000,0,coupon,false
ORD-001280,2026-02-09,CUST-0420,경기,전자기기,무선이어폰,store,4,79000,1000,point,false
ORD-001281,2026-02-09,CUST-0095,경기,식품,비타민음료,store,4,6000,0,bank_transfer,false
ORD-001282,2026-02-09,CUST-0342,서울,도서,파이썬기초,store,4,35000,0,coupon,false
ORD-001283,2026-02-09,CUST-0238,대구,패션,자켓,mobile,4,129000,5000,bank_transfer,false
ORD-001284,2026-02-09,CUST-0006,광주,전자기기,마우스,mobile,1,150000,2000,card,false
ORD-001285,2026-02-09,CUST-0452,대전,스포츠,러닝벨트,mobile,3,12000,0,point,false
ORD-001286,2026-02-09,CUST-0179,대전,전자기기,키보드,store,5,79000,2000,coupon,false
ORD-001287,2026-02-09,CUST-0174,대구,식품,커피,store,2,11000,0,bank_transfer,true
ORD-001288,2026-02-09,CUST-0193,대구,패션,자켓,store,1,129000,5000,bank_transfer,false
ORD-001289,2026-02-09,CUST-0179,광주,식품,견과류,store,3,11000,2000,coupon,true
ORD-001290,2026-02-09,CUST-0341,서울,전자기기,무선이어폰,mobile,2,25000,0,coupon,false
ORD-001291,2026-02-09,CUST-0387,대구,패션,운동화,web,1,49000,0,card,false
ORD-001292,2026-02-09,CUST-0227,인천,식품,견과류,mobile,1,6000,5000,card,false
ORD-001293,2026-02-09,CUST-0327,광주,도서,보안개론,store,4,15000,1000,bank_transfer,false
ORD-001294,2026-02-09,CUST-0116,경기,도서,보안개론,store,4,35000,5000,bank_transfer,false
ORD-001295,2026-02-09,CUST-0105,서울,생활용품,텀블러,web,5,9000,0,card,false
ORD-001296,2026-02-09,CUST-0255,경기,패션,가방,web,3,19000,0,coupon,true
ORD-001297,2026-02-09,CUST-0411,서울,식품,견과류,mobile,5,18000,2000,coupon,false
ORD-001298,2026-02-09,CUST-0401,광주,스포츠,러닝벨트,mobile,5,12000,0,card,false
ORD-001299,2026-02-09,CUST-0170,서울,전자기기,모니터,web,1,45000,2000,point,true
ORD-001300,2026-02-09,CUST-0039,광주,패션,가방,store,1,89000,0,bank_transfer,false
ORD-001301,2026-02-09,CUST-0358,서울,식품,견과류,store,5,26000,0,coupon,true
ORD-001302,2026-02-09,CUST-0103,부산,패션,티셔츠,web,3,19000,1000,bank_transfer,false
ORD-001303,2026-02-09,CUST-0413,광주,도서,보안개론,store,2,15000,1000,card,false
ORD-001304,2026-02-09,CUST-0476,서울,패션,티셔츠,store,5,129000,5000,coupon,true
ORD-001305,2026-02-09,CUST-0260,경기,도서,보안개론,store,1,15000,0,point,false
ORD-001306,2026-02-09,CUST-0014,인천,생활용품,청소도구,web,2,23000,0,coupon,false
ORD-001307,2026-02-09,CUST-0357,경기,스포츠,요가매트,mobile,1,59000,1000,coupon,false
ORD-001308,2026-02-09,CUST-0463,부산,식품,간편식,mobile,4,6000,0,bank_transfer,true
ORD-001309,2026-02-09,CUST-0302,서울,패션,가방,web,2,19000,0,coupon,false
ORD-001310,2026-02-09,CUST-0030,경기,스포츠,요가매트,mobile,2,12000,0,bank_transfer,false
ORD-001311,2026-02-09,CUST-0150,경기,패션,티셔츠,store,3,89000,2000,coupon,false
ORD-001312,2026-02-10,CUST-0106,대구,스포츠,요가매트,store,1,12000,0,point,true
ORD-001313,2026-02-10,CUST-0445,대전,도서,네트워크실습,web,3,28000,2000,point,false
ORD-001314,2026-02-10,CUST-0249,부산,패션,티셔츠,web,3,19000,1000,bank_transfer,true
ORD-001315,2026-02-10,CUST-0191,대전,도서,파이썬기초,web,5,28000,0,card,false
ORD-001316,2026-02-10,CUST-0429,서울,도서,네트워크실습,mobile,1,35000,0,point,false
ORD-001317,2026-02-10,CUST-0438,광주,식품,비타민음료,mobile,1,18000,0,coupon,false
ORD-001318,2026-02-10,CUST-0106,대구,전자기기,모니터,web,4,150000,0,coupon,false
ORD-001319,2026-02-10,CUST-0480,서울,식품,커피,store,1,18000,2000,point,false
ORD-001320,2026-02-10,CUST-0223,인천,패션,운동화,mobile,3,19000,5000,card,true
ORD-001321,2026-02-10,CUST-0218,광주,전자기기,USB허브,store,3,150000,2000,point,false
ORD-001322,2026-02-10,CUST-0144,인천,도서,네트워크실습,store,2,35000,0,point,false
ORD-001323,2026-02-10,CUST-0203,서울,전자기기,키보드,store,3,320000,0,point,true
ORD-001324,2026-02-10,CUST-0158,광주,패션,자켓,store,5,89000,0,point,false
ORD-001325,2026-02-10,CUST-0005,대구,패션,운동화,web,4,129000,0,point,false
ORD-001326,2026-02-10,CUST-0142,광주,생활용품,텀블러,store,1,37000,2000,point,false
ORD-001327,2026-02-10,CUST-0445,대구,전자기기,모니터,web,3,45000,0,bank_transfer,false
ORD-001328,2026-02-10,CUST-0120,서울,스포츠,덤벨,store,5,24000,5000,card,false
ORD-001329,2026-02-10,CUST-0032,대전,도서,네트워크실습,mobile,1,28000,2000,point,false
ORD-001330,2026-02-10,CUST-0180,서울,전자기기,마우스,web,1,320000,2000,coupon,false
ORD-001331,2026-02-10,CUST-0293,부산,전자기기,USB허브,store,2,25000,0,coupon,false
ORD-001332,2026-02-10,CUST-0311,인천,전자기기,모니터,mobile,2,79000,0,point,false
ORD-001333,2026-02-10,CUST-0083,부산,생활용품,책상조명,web,3,37000,2000,point,false
ORD-001334,2026-02-10,CUST-0262,대전,도서,클라우드입문,store,5,15000,0,point,false
ORD-001335,2026-02-10,CUST-0490,서울,도서,네트워크실습,web,2,15000,1000,coupon,false
ORD-001336,2026-02-10,CUST-0267,대구,식품,커피,mobile,5,6000,1000,point,true
ORD-001337,2026-02-10,CUST-0119,대구,도서,보안개론,mobile,3,22000,0,card,false
ORD-001338,2026-02-10,CUST-0181,광주,스포츠,덤벨,store,4,59000,0,card,false
ORD-001339,2026-02-10,CUST-0292,인천,패션,가방,web,4,49000,1000,bank_transfer,false
ORD-001340,2026-02-10,CUST-0061,서울,생활용품,텀블러,mobile,3,23000,0,coupon,false
ORD-001341,2026-02-10,CUST-0008,경기,식품,간편식,web,2,26000,0,coupon,false
ORD-001342,2026-02-10,CUST-0013,대전,패션,가방,web,2,19000,0,card,false
ORD-001343,2026-02-10,CUST-0357,광주,도서,네트워크실습,web,3,35000,0,point,false
ORD-001344,2026-02-10,CUST-0056,대전,전자기기,마우스,web,5,79000,2000,card,true
ORD-001345,2026-02-10,CUST-0380,인천,스포츠,운동밴드,mobile,4,59000,5000,point,false
ORD-001346,2026-02-10,CUST-0078,서울,생활용품,텀블러,store,5,15000,2000,point,false
ORD-001347,2026-02-11,CUST-0261,대전,스포츠,러닝벨트,store,3,59000,1000,point,false
ORD-001348,2026-02-11,CUST-0289,광주,전자기기,키보드,store,4,79000,0,coupon,false
ORD-001349,2026-02-11,CUST-0022,인천,패션,자켓,store,3,129000,0,bank_transfer,false
ORD-001350,2026-02-11,CUST-0085,서울,생활용품,책상조명,mobile,1,23000,0,point,false
ORD-001351,2026-02-11,CUST-0311,인천,생활용품,청소도구,web,2,15000,0,bank_transfer,false
ORD-001352,2026-02-11,CUST-0430,광주,스포츠,운동밴드,web,1,24000,0,card,true
ORD-001353,2026-02-11,CUST-0190,경기,식품,커피,mobile,1,11000,1000,coupon,false
ORD-001354,2026-02-11,CUST-0367,대전,스포츠,러닝벨트,web,4,24000,0,coupon,false
ORD-001355,2026-02-11,CUST-0375,대전,생활용품,청소도구,web,1,23000,0,point,false
ORD-001356,2026-02-11,CUST-0172,부산,전자기기,키보드,mobile,3,25000,0,card,true
ORD-001357,2026-02-11,CUST-0163,경기,스포츠,운동밴드,store,4,12000,0,card,true
ORD-001358,2026-02-11,CUST-0447,경기,스포츠,요가매트,store,2,24000,2000,bank_transfer,false
ORD-001359,2026-02-11,CUST-0145,경기,패션,가방,web,4,49000,0,card,false
ORD-001360,2026-02-11,CUST-0286,광주,식품,간편식,web,4,6000,0,bank_transfer,false
ORD-001361,2026-02-11,CUST-0121,대전,전자기기,모니터,mobile,5,79000,1000,coupon,true
ORD-001362,2026-02-11,CUST-0251,인천,식품,간편식,store,2,18000,0,coupon,false
ORD-001363,2026-02-11,CUST-0058,인천,식품,견과류,mobile,3,26000,0,coupon,false
ORD-001364,2026-02-11,CUST-0238,부산,생활용품,책상조명,store,4,15000,0,card,false
ORD-001365,2026-02-11,CUST-0211,대전,패션,가방,web,4,49000,1000,card,true
ORD-001366,2026-02-11,CUST-0396,부산,패션,자켓,mobile,4,49000,0,point,true
ORD-001367,2026-02-11,CUST-0468,서울,생활용품,청소도구,mobile,4,37000,1000,coupon,false
ORD-001368,2026-02-11,CUST-0210,경기,스포츠,덤벨,store,1,39000,0,bank_transfer,false
ORD-001369,2026-02-11,CUST-0067,광주,식품,간편식,store,5,6000,2000,card,false
ORD-001370,2026-02-11,CUST-0468,부산,스포츠,요가매트,store,1,59000,5000,card,false
ORD-001371,2026-02-11,CUST-0081,인천,스포츠,요가매트,store,3,24000,2000,coupon,false
ORD-001372,2026-02-11,CUST-0212,경기,스포츠,덤벨,store,2,39000,0,bank_transfer,false
ORD-001373,2026-02-11,CUST-0204,인천,전자기기,무선이어폰,mobile,5,25000,0,card,true
ORD-001374,2026-02-11,CUST-0018,부산,도서,보안개론,store,1,28000,0,card,false
ORD-001375,2026-02-11,CUST-0038,광주,생활용품,청소도구,store,3,15000,0,coupon,false
ORD-001376,2026-02-11,CUST-0377,광주,전자기기,무선이어폰,mobile,5,320000,0,bank_transfer,false
ORD-001377,2026-02-11,CUST-0155,부산,식품,견과류,mobile,4,18000,2000,bank_transfer,false
ORD-001378,2026-02-11,CUST-0220,서울,전자기기,마우스,web,4,320000,1000,coupon,false
ORD-001379,2026-02-11,CUST-0260,경기,식품,견과류,mobile,3,26000,5000,card,true
ORD-001380,2026-02-11,CUST-0232,경기,생활용품,청소도구,store,5,23000,5000,card,false
ORD-001381,2026-02-11,CUST-0056,대전,생활용품,텀블러,mobile,3,37000,1000,point,true
ORD-001382,2026-02-11,CUST-0443,대구,도서,클라우드입문,store,5,15000,0,bank_transfer,false
ORD-001383,2026-02-11,CUST-0371,인천,전자기기,키보드,store,5,150000,1000,bank_transfer,true
ORD-001384,2026-02-11,CUST-0428,경기,전자기기,모니터,web,4,79000,0,point,false
ORD-001385,2026-02-11,CUST-0387,광주,스포츠,러닝벨트,mobile,3,12000,5000,coupon,false
ORD-001386,2026-02-11,CUST-0264,광주,패션,운동화,store,4,89000,5000,card,false
ORD-001387,2026-02-11,CUST-0083,광주,전자기기,모니터,store,4,25000,0,card,false
ORD-001388,2026-02-12,CUST-0088,대전,도서,네트워크실습,store,1,15000,1000,coupon,false
ORD-001389,2026-02-12,CUST-0223,부산,도서,네트워크실습,store,1,35000,0,point,false
ORD-001390,2026-02-12,CUST-0073,부산,식품,견과류,store,5,18000,5000,bank_transfer,false
ORD-001391,2026-02-12,CUST-0480,부산,식품,견과류,store,4,18000,1000,bank_transfer,false
ORD-001392,2026-02-12,CUST-0077,대구,도서,네트워크실습,web,3,15000,1000,card,false
ORD-001393,2026-02-12,CUST-0170,서울,패션,운동화,web,1,49000,2000,coupon,false
ORD-001394,2026-02-12,CUST-0453,경기,식품,간편식,mobile,3,6000,5000,card,true
ORD-001395,2026-02-12,CUST-0189,광주,도서,보안개론,mobile,4,28000,2000,point,false
ORD-001396,2026-02-12,CUST-0375,경기,식품,간편식,mobile,5,6000,0,bank_transfer,false
ORD-001397,2026-02-12,CUST-0170,광주,패션,티셔츠,store,5,49000,2000,point,false
ORD-001398,2026-02-12,CUST-0111,서울,스포츠,러닝벨트,store,2,24000,0,bank_transfer,false
ORD-001399,2026-02-12,CUST-0459,서울,도서,파이썬기초,web,1,35000,0,coupon,false
ORD-001400,2026-02-12,CUST-0124,광주,생활용품,청소도구,mobile,3,23000,2000,coupon,false
ORD-001401,2026-02-12,CUST-0272,서울,생활용품,청소도구,store,3,23000,2000,bank_transfer,false
ORD-001402,2026-02-12,CUST-0251,대전,도서,보안개론,mobile,4,22000,2000,card,false
ORD-001403,2026-02-12,CUST-0438,대구,식품,비타민음료,store,2,18000,0,point,false
ORD-001404,2026-02-12,CUST-0196,부산,스포츠,러닝벨트,web,5,24000,2000,card,false
ORD-001405,2026-02-12,CUST-0301,부산,도서,네트워크실습,mobile,5,28000,0,card,false
ORD-001406,2026-02-12,CUST-0332,부산,패션,자켓,store,5,19000,0,coupon,false
ORD-001407,2026-02-12,CUST-0498,광주,생활용품,수납박스,web,3,23000,5000,coupon,false
ORD-001408,2026-02-12,CUST-0414,서울,식품,비타민음료,web,2,26000,1000,point,true
ORD-001409,2026-02-12,CUST-0215,인천,전자기기,USB허브,web,2,45000,0,card,false
ORD-001410,2026-02-12,CUST-0437,경기,생활용품,수납박스,store,1,23000,2000,card,false
ORD-001411,2026-02-12,CUST-0265,서울,패션,자켓,store,5,49000,5000,coupon,false
ORD-001412,2026-02-12,CUST-0374,부산,생활용품,수납박스,web,2,9000,2000,bank_transfer,false
ORD-001413,2026-02-13,CUST-0210,경기,전자기기,마우스,store,2,320000,5000,card,true
ORD-001414,2026-02-13,CUST-0291,인천,패션,자켓,store,1,89000,0,card,false
ORD-001415,2026-02-13,CUST-0374,서울,식품,비타민음료,web,1,6000,0,point,false
ORD-001416,2026-02-13,CUST-0236,서울,식품,커피,store,1,11000,0,bank_transfer,false
ORD-001417,2026-02-13,CUST-0362,부산,패션,운동화,web,3,49000,0,point,false
ORD-001418,2026-02-13,CUST-0453,경기,도서,보안개론,web,2,35000,0,point,false
ORD-001419,2026-02-13,CUST-0297,부산,패션,가방,mobile,1,89000,1000,coupon,false
ORD-001420,2026-02-13,CUST-0276,광주,스포츠,덤벨,web,5,12000,1000,coupon,false
ORD-001421,2026-02-13,CUST-0283,인천,패션,자켓,store,3,49000,5000,point,true
ORD-001422,2026-02-13,CUST-0134,서울,전자기기,USB허브,web,3,45000,0,bank_transfer,false
ORD-001423,2026-02-13,CUST-0289,대구,생활용품,텀블러,store,5,37000,0,card,false
ORD-001424,2026-02-13,CUST-0244,부산,패션,티셔츠,mobile,1,89000,0,card,false
ORD-001425,2026-02-13,CUST-0096,인천,도서,보안개론,web,2,28000,1000,coupon,true
ORD-001426,2026-02-13,CUST-0130,대전,식품,비타민음료,mobile,4,26000,1000,point,false
ORD-001427,2026-02-13,CUST-0056,대구,생활용품,청소도구,mobile,1,23000,0,point,true
ORD-001428,2026-02-13,CUST-0473,부산,식품,비타민음료,store,2,6000,2000,bank_transfer,false
ORD-001429,2026-02-13,CUST-0159,인천,식품,간편식,web,3,11000,0,point,false
ORD-001430,2026-02-13,CUST-0103,경기,생활용품,청소도구,mobile,4,15000,0,point,false
ORD-001431,2026-02-13,CUST-0371,경기,전자기기,키보드,web,2,45000,1000,point,false
ORD-001432,2026-02-13,CUST-0282,대전,전자기기,모니터,mobile,3,45000,0,bank_transfer,false
ORD-001433,2026-02-13,CUST-0066,부산,생활용품,청소도구,web,2,37000,0,coupon,false
ORD-001434,2026-02-13,CUST-0037,부산,패션,자켓,mobile,5,129000,1000,card,true
ORD-001435,2026-02-13,CUST-0257,인천,도서,파이썬기초,web,3,22000,0,coupon,false
ORD-001436,2026-02-13,CUST-0109,부산,전자기기,키보드,mobile,4,45000,0,card,false
ORD-001437,2026-02-13,CUST-0160,대구,패션,가방,store,4,49000,0,coupon,false
ORD-001438,2026-02-13,CUST-0350,광주,전자기기,마우스,web,2,150000,0,coupon,false
ORD-001439,2026-02-13,CUST-0164,경기,전자기기,마우스,store,4,25000,0,coupon,false
ORD-001440,2026-02-13,CUST-0217,인천,스포츠,러닝벨트,web,4,12000,5000,point,false
ORD-001441,2026-02-13,CUST-0191,인천,생활용품,책상조명,mobile,5,9000,1000,point,true
ORD-001442,2026-02-13,CUST-0389,대구,식품,견과류,store,2,6000,1000,card,true
ORD-001443,2026-02-13,CUST-0264,인천,도서,클라우드입문,store,5,28000,0,coupon,false
ORD-001444,2026-02-13,CUST-0445,대구,생활용품,수납박스,mobile,3,37000,0,point,false
ORD-001445,2026-02-13,CUST-0346,부산,전자기기,USB허브,web,3,79000,1000,point,false
ORD-001446,2026-02-13,CUST-0167,부산,도서,보안개론,store,4,28000,0,card,false
ORD-001447,2026-02-14,CUST-0128,경기,전자기기,마우스,web,5,25000,5000,card,false
ORD-001448,2026-02-14,CUST-0498,대구,도서,파이썬기초,store,4,35000,0,bank_transfer,false
ORD-001449,2026-02-14,CUST-0020,경기,스포츠,러닝벨트,store,1,12000,0,card,false
ORD-001450,2026-02-14,CUST-0012,경기,생활용품,수납박스,store,3,23000,1000,point,false
ORD-001451,2026-02-14,CUST-0134,부산,스포츠,요가매트,store,1,59000,0,bank_transfer,true
ORD-001452,2026-02-14,CUST-0390,대구,스포츠,요가매트,mobile,5,39000,1000,bank_transfer,false
ORD-001453,2026-02-14,CUST-0140,서울,패션,티셔츠,mobile,2,129000,5000,bank_transfer,false
ORD-001454,2026-02-14,CUST-0307,인천,전자기기,모니터,store,3,45000,0,point,false
ORD-001455,2026-02-14,CUST-0114,서울,전자기기,키보드,store,1,45000,5000,point,false
ORD-001456,2026-02-14,CUST-0200,대구,스포츠,러닝벨트,store,5,59000,0,card,true
ORD-001457,2026-02-14,CUST-0237,인천,패션,자켓,store,3,89000,1000,coupon,false
ORD-001458,2026-02-14,CUST-0339,인천,도서,파이썬기초,store,3,35000,1000,card,false
ORD-001459,2026-02-14,CUST-0190,부산,스포츠,러닝벨트,mobile,1,39000,0,point,true
ORD-001460,2026-02-14,CUST-0086,광주,생활용품,청소도구,mobile,2,9000,2000,coupon,true
ORD-001461,2026-02-14,CUST-0121,대구,생활용품,수납박스,store,5,23000,5000,bank_transfer,false
ORD-001462,2026-02-14,CUST-0057,광주,생활용품,수납박스,mobile,4,9000,0,bank_transfer,false
ORD-001463,2026-02-14,CUST-0462,광주,도서,네트워크실습,mobile,3,35000,0,point,false
ORD-001464,2026-02-14,CUST-0201,경기,패션,티셔츠,mobile,5,89000,2000,coupon,true
ORD-001465,2026-02-14,CUST-0148,서울,생활용품,책상조명,store,2,37000,0,point,false
ORD-001466,2026-02-14,CUST-0499,대구,생활용품,텀블러,mobile,4,9000,2000,bank_transfer,false
ORD-001467,2026-02-14,CUST-0258,서울,스포츠,요가매트,store,2,24000,2000,coupon,true
ORD-001468,2026-02-14,CUST-0321,대구,전자기기,마우스,store,2,320000,0,card,true
ORD-001469,2026-02-14,CUST-0436,경기,패션,티셔츠,mobile,5,129000,2000,point,false
ORD-001470,2026-02-14,CUST-0166,경기,스포츠,덤벨,mobile,4,24000,5000,card,false
ORD-001471,2026-02-14,CUST-0351,광주,전자기기,키보드,mobile,4,320000,1000,bank_transfer,false
ORD-001472,2026-02-14,CUST-0126,대구,도서,네트워크실습,store,5,15000,0,card,false
ORD-001473,2026-02-14,CUST-0037,인천,전자기기,무선이어폰,mobile,5,150000,1000,point,false
ORD-001474,2026-02-14,CUST-0150,인천,스포츠,요가매트,mobile,4,12000,1000,card,false
ORD-001475,2026-02-14,CUST-0075,인천,패션,가방,mobile,4,129000,0,card,false
ORD-001476,2026-02-14,CUST-0073,경기,스포츠,덤벨,mobile,4,39000,5000,bank_transfer,false
ORD-001477,2026-02-14,CUST-0386,경기,패션,티셔츠,mobile,1,89000,1000,point,false
ORD-001478,2026-02-14,CUST-0291,부산,패션,가방,store,4,89000,5000,card,false
ORD-001479,2026-02-14,CUST-0289,부산,도서,파이썬기초,store,1,28000,0,point,false
ORD-001480,2026-02-14,CUST-0345,부산,패션,운동화,web,4,89000,5000,bank_transfer,false
ORD-001481,2026-02-14,CUST-0015,인천,도서,보안개론,web,3,35000,5000,point,false
ORD-001482,2026-02-14,CUST-0382,인천,도서,클라우드입문,store,3,28000,5000,coupon,true
ORD-001483,2026-02-14,CUST-0161,광주,생활용품,텀블러,mobile,2,23000,2000,coupon,true
ORD-001484,2026-02-14,CUST-0008,대전,생활용품,텀블러,web,2,37000,1000,point,false
ORD-001485,2026-02-14,CUST-0312,인천,도서,보안개론,store,2,22000,0,card,false
ORD-001486,2026-02-15,CUST-0431,대전,도서,보안개론,store,4,35000,2000,bank_transfer,false
ORD-001487,2026-02-15,CUST-0488,부산,스포츠,덤벨,store,1,39000,1000,card,false
ORD-001488,2026-02-15,CUST-0127,경기,패션,티셔츠,mobile,4,19000,2000,bank_transfer,true
ORD-001489,2026-02-15,CUST-0312,부산,스포츠,덤벨,store,4,24000,0,point,false
ORD-001490,2026-02-15,CUST-0032,경기,전자기기,키보드,web,2,25000,2000,bank_transfer,false
ORD-001491,2026-02-15,CUST-0164,인천,식품,비타민음료,store,1,26000,2000,card,false
ORD-001492,2026-02-15,CUST-0102,서울,도서,네트워크실습,store,4,15000,0,bank_transfer,false
ORD-001493,2026-02-15,CUST-0221,인천,식품,비타민음료,web,5,18000,0,coupon,true
ORD-001494,2026-02-15,CUST-0308,부산,스포츠,덤벨,mobile,1,59000,0,bank_transfer,false
ORD-001495,2026-02-15,CUST-0128,부산,패션,가방,mobile,3,89000,0,point,true
ORD-001496,2026-02-15,CUST-0164,광주,스포츠,러닝벨트,mobile,2,12000,1000,coupon,false
ORD-001497,2026-02-15,CUST-0049,인천,도서,파이썬기초,mobile,4,15000,5000,point,false
ORD-001498,2026-02-15,CUST-0158,광주,스포츠,덤벨,mobile,1,24000,0,point,false
ORD-001499,2026-02-15,CUST-0293,대전,식품,비타민음료,web,3,6000,2000,point,false
ORD-001500,2026-02-15,CUST-0340,경기,도서,파이썬기초,mobile,2,35000,0,coupon,true
ORD-001501,2026-02-15,CUST-0479,인천,스포츠,러닝벨트,mobile,2,39000,0,point,false
ORD-001502,2026-02-15,CUST-0231,부산,도서,보안개론,mobile,3,28000,5000,coupon,false
ORD-001503,2026-02-15,CUST-0331,인천,생활용품,수납박스,web,1,37000,1000,coupon,false
ORD-001504,2026-02-15,CUST-0151,인천,패션,티셔츠,mobile,2,49000,5000,card,false
ORD-001505,2026-02-15,CUST-0379,경기,패션,가방,web,3,129000,2000,coupon,true
ORD-001506,2026-02-15,CUST-0371,대구,패션,티셔츠,store,2,19000,0,coupon,false
ORD-001507,2026-02-15,CUST-0301,대구,전자기기,모니터,web,2,150000,0,card,true
ORD-001508,2026-02-15,CUST-0473,부산,전자기기,마우스,web,5,79000,0,coupon,false
ORD-001509,2026-02-15,CUST-0302,부산,도서,클라우드입문,store,4,28000,0,bank_transfer,false
ORD-001510,2026-02-15,CUST-0280,인천,식품,커피,store,2,26000,0,point,true
ORD-001511,2026-02-15,CUST-0491,인천,식품,견과류,mobile,2,6000,0,coupon,false
ORD-001512,2026-02-15,CUST-0236,부산,스포츠,덤벨,mobile,3,24000,1000,bank_transfer,false
ORD-001513,2026-02-15,CUST-0072,서울,스포츠,운동밴드,store,5,39000,5000,coupon,false
ORD-001514,2026-02-15,CUST-0468,광주,생활용품,청소도구,mobile,1,37000,2000,card,false
ORD-001515,2026-02-15,CUST-0252,부산,식품,비타민음료,store,5,6000,0,point,true
ORD-001516,2026-02-15,CUST-0400,서울,스포츠,요가매트,store,5,12000,0,bank_transfer,true
ORD-001517,2026-02-15,CUST-0385,서울,식품,커피,store,5,26000,5000,coupon,false
ORD-001518,2026-02-15,CUST-0038,경기,패션,가방,store,2,129000,5000,point,false
ORD-001519,2026-02-15,CUST-0004,광주,생활용품,청소도구,mobile,4,9000,2000,card,false
ORD-001520,2026-02-15,CUST-0439,경기,전자기기,키보드,store,4,79000,0,point,false
ORD-001521,2026-02-15,CUST-0079,경기,식품,비타민음료,web,5,11000,0,bank_transfer,true
ORD-001522,2026-02-15,CUST-0484,인천,패션,운동화,web,1,19000,2000,bank_transfer,true
ORD-001523,2026-02-15,CUST-0337,경기,식품,견과류,web,3,6000,0,point,false
ORD-001524,2026-02-15,CUST-0014,경기,도서,네트워크실습,mobile,2,28000,0,card,false
ORD-001525,2026-02-15,CUST-0229,대구,생활용품,수납박스,mobile,2,37000,1000,bank_transfer,false
ORD-001526,2026-02-16,CUST-0371,광주,생활용품,수납박스,web,2,9000,2000,bank_transfer,true
ORD-001527,2026-02-16,CUST-0213,경기,도서,클라우드입문,web,5,35000,0,card,false
ORD-001528,2026-02-16,CUST-0484,대구,식품,견과류,web,3,26000,2000,card,false
ORD-001529,2026-02-16,CUST-0485,부산,생활용품,청소도구,web,1,37000,0,coupon,false
ORD-001530,2026-02-16,CUST-0449,대구,스포츠,운동밴드,web,1,24000,5000,point,false
ORD-001531,2026-02-16,CUST-0290,서울,스포츠,운동밴드,web,2,12000,0,bank_transfer,false
ORD-001532,2026-02-16,CUST-0444,대전,도서,네트워크실습,store,1,15000,2000,point,false
ORD-001533,2026-02-16,CUST-0480,광주,패션,가방,web,4,49000,0,bank_transfer,false
ORD-001534,2026-02-16,CUST-0157,대구,패션,티셔츠,store,1,49000,1000,point,false
ORD-001535,2026-02-16,CUST-0456,대구,패션,자켓,web,1,19000,0,bank_transfer,false
ORD-001536,2026-02-16,CUST-0087,경기,생활용품,수납박스,web,5,37000,5000,card,true
ORD-001537,2026-02-16,CUST-0496,대구,패션,운동화,mobile,4,19000,0,coupon,false
ORD-001538,2026-02-16,CUST-0160,대구,식품,비타민음료,mobile,5,11000,5000,point,false
ORD-001539,2026-02-16,CUST-0245,대구,도서,보안개론,store,5,28000,5000,bank_transfer,false
ORD-001540,2026-02-16,CUST-0381,서울,도서,파이썬기초,store,2,22000,0,coupon,false
ORD-001541,2026-02-16,CUST-0374,대전,패션,티셔츠,mobile,2,49000,0,point,false
ORD-001542,2026-02-16,CUST-0192,대전,스포츠,러닝벨트,web,2,39000,0,card,false
ORD-001543,2026-02-16,CUST-0074,대전,스포츠,러닝벨트,web,2,12000,0,bank_transfer,false
ORD-001544,2026-02-16,CUST-0248,인천,도서,네트워크실습,mobile,1,28000,2000,bank_transfer,false
ORD-001545,2026-02-16,CUST-0135,광주,스포츠,러닝벨트,mobile,2,59000,1000,card,true
ORD-001546,2026-02-16,CUST-0175,인천,스포츠,운동밴드,mobile,3,39000,0,coupon,false
ORD-001547,2026-02-16,CUST-0401,부산,스포츠,요가매트,mobile,5,39000,0,card,false
ORD-001548,2026-02-16,CUST-0062,광주,식품,간편식,store,2,6000,1000,point,false
ORD-001549,2026-02-16,CUST-0482,서울,도서,보안개론,store,4,28000,1000,bank_transfer,true
ORD-001550,2026-02-16,CUST-0376,대전,생활용품,텀블러,mobile,2,15000,0,bank_transfer,false
ORD-001551,2026-02-16,CUST-0086,부산,식품,커피,web,5,18000,0,card,true
ORD-001552,2026-02-17,CUST-0440,경기,도서,파이썬기초,mobile,5,22000,2000,card,false
ORD-001553,2026-02-17,CUST-0240,부산,생활용품,책상조명,web,5,37000,1000,point,false
ORD-001554,2026-02-17,CUST-0107,대전,전자기기,무선이어폰,store,5,79000,5000,card,false
ORD-001555,2026-02-17,CUST-0392,인천,전자기기,모니터,web,2,45000,1000,coupon,false
ORD-001556,2026-02-17,CUST-0428,부산,도서,네트워크실습,web,5,35000,0,bank_transfer,false
ORD-001557,2026-02-17,CUST-0484,대전,패션,운동화,web,1,129000,5000,bank_transfer,true
ORD-001558,2026-02-17,CUST-0267,부산,생활용품,텀블러,store,3,23000,0,card,false
ORD-001559,2026-02-17,CUST-0278,대전,스포츠,러닝벨트,store,4,24000,0,coupon,false
ORD-001560,2026-02-17,CUST-0430,부산,도서,클라우드입문,web,3,28000,0,coupon,false
ORD-001561,2026-02-17,CUST-0053,서울,생활용품,텀블러,store,3,37000,0,point,true
ORD-001562,2026-02-17,CUST-0443,인천,도서,네트워크실습,mobile,4,35000,0,point,false
ORD-001563,2026-02-17,CUST-0007,서울,패션,자켓,store,3,129000,0,coupon,false
ORD-001564,2026-02-17,CUST-0054,인천,도서,네트워크실습,store,5,22000,1000,coupon,false
ORD-001565,2026-02-17,CUST-0303,인천,식품,비타민음료,store,1,26000,2000,card,false
ORD-001566,2026-02-17,CUST-0345,대전,식품,커피,store,2,6000,0,coupon,true
ORD-001567,2026-02-17,CUST-0443,광주,생활용품,수납박스,web,4,23000,1000,coupon,true
ORD-001568,2026-02-17,CUST-0013,대전,스포츠,러닝벨트,mobile,2,12000,2000,card,false
ORD-001569,2026-02-17,CUST-0420,대전,패션,가방,mobile,4,19000,0,point,false
ORD-001570,2026-02-17,CUST-0358,대전,도서,보안개론,mobile,1,35000,0,bank_transfer,false
ORD-001571,2026-02-17,CUST-0439,서울,도서,보안개론,mobile,3,35000,0,point,false
ORD-001572,2026-02-17,CUST-0328,대구,식품,간편식,mobile,3,18000,0,coupon,false
ORD-001573,2026-02-17,CUST-0180,부산,스포츠,덤벨,mobile,2,59000,0,point,false
ORD-001574,2026-02-17,CUST-0298,부산,도서,파이썬기초,store,1,28000,0,point,false
ORD-001575,2026-02-17,CUST-0102,서울,식품,간편식,web,5,26000,5000,coupon,false
ORD-001576,2026-02-17,CUST-0069,대구,패션,운동화,web,5,89000,0,point,false
ORD-001577,2026-02-17,CUST-0126,광주,식품,커피,web,2,18000,1000,point,false
ORD-001578,2026-02-17,CUST-0226,대전,전자기기,모니터,web,2,45000,0,bank_transfer,false
ORD-001579,2026-02-17,CUST-0430,대구,전자기기,마우스,mobile,1,45000,2000,bank_transfer,false
ORD-001580,2026-02-17,CUST-0362,인천,생활용품,텀블러,mobile,5,37000,1000,point,false
ORD-001581,2026-02-17,CUST-0183,서울,생활용품,책상조명,store,2,23000,0,bank_transfer,true
ORD-001582,2026-02-17,CUST-0275,부산,패션,운동화,web,1,49000,2000,bank_transfer,false
ORD-001583,2026-02-17,CUST-0429,서울,스포츠,운동밴드,mobile,4,24000,0,coupon,true
ORD-001584,2026-02-17,CUST-0230,광주,생활용품,청소도구,store,2,9000,0,card,true
ORD-001585,2026-02-17,CUST-0034,대전,패션,가방,mobile,1,49000,5000,point,false
ORD-001586,2026-02-17,CUST-0203,경기,스포츠,요가매트,store,4,59000,5000,coupon,false
ORD-001587,2026-02-17,CUST-0485,대구,패션,자켓,web,2,89000,2000,point,true
ORD-001588,2026-02-17,CUST-0397,서울,전자기기,USB허브,store,3,25000,2000,card,false
ORD-001589,2026-02-17,CUST-0397,인천,식품,비타민음료,web,2,11000,0,bank_transfer,true
ORD-001590,2026-02-17,CUST-0485,대구,전자기기,모니터,store,3,25000,0,coupon,false
ORD-001591,2026-02-17,CUST-0050,부산,생활용품,청소도구,mobile,2,37000,0,bank_transfer,false
ORD-001592,2026-02-17,CUST-0134,대구,스포츠,러닝벨트,web,4,39000,0,bank_transfer,false
ORD-001593,2026-02-18,CUST-0132,서울,스포츠,요가매트,store,4,39000,0,card,true
ORD-001594,2026-02-18,CUST-0494,광주,식품,커피,web,1,18000,0,card,false
ORD-001595,2026-02-18,CUST-0192,인천,패션,가방,web,1,89000,2000,bank_transfer,true
ORD-001596,2026-02-18,CUST-0050,인천,도서,네트워크실습,store,5,22000,0,bank_transfer,false
ORD-001597,2026-02-18,CUST-0260,경기,식품,견과류,mobile,4,11000,5000,card,false
ORD-001598,2026-02-18,CUST-0179,대전,식품,커피,web,3,6000,0,bank_transfer,false
ORD-001599,2026-02-18,CUST-0472,부산,전자기기,모니터,mobile,5,45000,0,coupon,true
ORD-001600,2026-02-18,CUST-0073,경기,생활용품,수납박스,mobile,3,9000,0,bank_transfer,false
ORD-001601,2026-02-18,CUST-0051,인천,생활용품,수납박스,store,1,23000,1000,card,true
ORD-001602,2026-02-18,CUST-0145,부산,스포츠,운동밴드,web,5,59000,5000,coupon,false
ORD-001603,2026-02-18,CUST-0043,대구,도서,보안개론,web,4,35000,1000,coupon,false
ORD-001604,2026-02-18,CUST-0157,대구,전자기기,마우스,mobile,4,320000,2000,card,false
ORD-001605,2026-02-18,CUST-0383,광주,식품,커피,store,1,11000,0,bank_transfer,true
ORD-001606,2026-02-18,CUST-0495,부산,스포츠,운동밴드,mobile,5,12000,0,bank_transfer,false
ORD-001607,2026-02-18,CUST-0261,부산,패션,티셔츠,store,5,129000,2000,card,false
ORD-001608,2026-02-18,CUST-0038,대전,도서,클라우드입문,web,2,35000,0,coupon,false
ORD-001609,2026-02-18,CUST-0474,부산,도서,클라우드입문,web,4,15000,0,bank_transfer,false
ORD-001610,2026-02-18,CUST-0470,인천,스포츠,운동밴드,mobile,4,24000,0,card,false
ORD-001611,2026-02-18,CUST-0452,대구,도서,파이썬기초,store,5,22000,5000,point,false
ORD-001612,2026-02-18,CUST-0194,부산,도서,보안개론,web,1,35000,1000,coupon,false
ORD-001613,2026-02-18,CUST-0066,대전,패션,티셔츠,store,1,129000,5000,bank_transfer,false
ORD-001614,2026-02-18,CUST-0094,광주,전자기기,무선이어폰,mobile,2,25000,1000,bank_transfer,false
ORD-001615,2026-02-18,CUST-0146,인천,스포츠,운동밴드,store,3,59000,2000,point,false
ORD-001616,2026-02-18,CUST-0434,대구,전자기기,무선이어폰,web,2,150000,0,bank_transfer,true
ORD-001617,2026-02-18,CUST-0118,서울,식품,커피,mobile,4,26000,0,bank_transfer,false
ORD-001618,2026-02-18,CUST-0225,대전,전자기기,무선이어폰,web,4,45000,2000,coupon,false
ORD-001619,2026-02-18,CUST-0023,광주,식품,커피,web,2,11000,5000,bank_transfer,false
ORD-001620,2026-02-18,CUST-0462,대전,패션,자켓,web,3,49000,1000,coupon,false
ORD-001621,2026-02-18,CUST-0095,대전,생활용품,텀블러,web,5,23000,0,point,false
ORD-001622,2026-02-18,CUST-0309,광주,스포츠,러닝벨트,mobile,4,12000,0,bank_transfer,false
ORD-001623,2026-02-18,CUST-0210,광주,도서,보안개론,store,1,15000,5000,card,false
ORD-001624,2026-02-19,CUST-0462,서울,스포츠,덤벨,store,3,39000,0,bank_transfer,false
ORD-001625,2026-02-19,CUST-0394,광주,전자기기,모니터,web,5,25000,0,bank_transfer,false
ORD-001626,2026-02-19,CUST-0480,광주,스포츠,요가매트,store,1,12000,5000,coupon,false
ORD-001627,2026-02-19,CUST-0314,부산,패션,가방,mobile,2,129000,5000,coupon,false
ORD-001628,2026-02-19,CUST-0074,부산,생활용품,텀블러,store,5,37000,0,bank_transfer,false
ORD-001629,2026-02-19,CUST-0222,인천,생활용품,책상조명,mobile,3,15000,5000,bank_transfer,false
ORD-001630,2026-02-19,CUST-0065,인천,전자기기,모니터,store,5,150000,0,point,false
ORD-001631,2026-02-19,CUST-0228,대구,도서,네트워크실습,mobile,4,35000,1000,point,false
ORD-001632,2026-02-19,CUST-0106,경기,패션,자켓,web,2,129000,5000,bank_transfer,true
ORD-001633,2026-02-19,CUST-0192,대전,식품,간편식,mobile,4,18000,2000,bank_transfer,false
ORD-001634,2026-02-19,CUST-0154,인천,생활용품,텀블러,store,1,37000,2000,coupon,false
ORD-001635,2026-02-19,CUST-0338,대구,전자기기,키보드,store,3,45000,2000,coupon,false
ORD-001636,2026-02-19,CUST-0342,경기,도서,네트워크실습,mobile,2,15000,1000,bank_transfer,true
ORD-001637,2026-02-19,CUST-0240,경기,스포츠,러닝벨트,store,2,24000,1000,bank_transfer,false
ORD-001638,2026-02-19,CUST-0011,서울,생활용품,책상조명,web,1,9000,0,point,false
ORD-001639,2026-02-19,CUST-0491,경기,전자기기,마우스,mobile,2,79000,5000,card,false
ORD-001640,2026-02-19,CUST-0149,부산,패션,자켓,web,4,129000,0,bank_transfer,false
ORD-001641,2026-02-19,CUST-0210,경기,도서,파이썬기초,store,1,35000,2000,coupon,true
ORD-001642,2026-02-19,CUST-0466,대구,스포츠,운동밴드,web,1,24000,5000,card,false
ORD-001643,2026-02-19,CUST-0393,서울,도서,네트워크실습,store,4,35000,1000,point,false
ORD-001644,2026-02-19,CUST-0177,부산,생활용품,텀블러,web,1,37000,1000,point,true
ORD-001645,2026-02-19,CUST-0470,경기,전자기기,키보드,web,5,45000,0,bank_transfer,false
ORD-001646,2026-02-19,CUST-0410,대구,스포츠,운동밴드,web,1,39000,0,coupon,true
ORD-001647,2026-02-19,CUST-0267,서울,도서,보안개론,mobile,2,28000,2000,point,false
ORD-001648,2026-02-19,CUST-0222,부산,도서,클라우드입문,web,3,22000,0,point,false
ORD-001649,2026-02-19,CUST-0067,인천,스포츠,러닝벨트,store,3,12000,2000,card,false
ORD-001650,2026-02-19,CUST-0195,대구,스포츠,요가매트,web,4,39000,0,point,false
ORD-001651,2026-02-19,CUST-0209,대전,스포츠,러닝벨트,mobile,3,39000,2000,bank_transfer,false
ORD-001652,2026-02-19,CUST-0043,대구,패션,자켓,store,4,49000,0,card,false
ORD-001653,2026-02-19,CUST-0125,서울,스포츠,운동밴드,web,1,12000,0,point,false
ORD-001654,2026-02-19,CUST-0005,대전,전자기기,키보드,web,2,320000,0,point,false
ORD-001655,2026-02-19,CUST-0324,인천,식품,커피,mobile,5,11000,5000,card,false
ORD-001656,2026-02-19,CUST-0096,서울,식품,커피,store,2,6000,0,card,false
ORD-001657,2026-02-19,CUST-0199,부산,전자기기,모니터,store,2,45000,0,bank_transfer,false
ORD-001658,2026-02-19,CUST-0241,부산,생활용품,텀블러,store,5,37000,5000,card,false
ORD-001659,2026-02-19,CUST-0135,경기,생활용품,텀블러,store,1,9000,0,bank_transfer,false
ORD-001660,2026-02-19,CUST-0388,경기,스포츠,요가매트,web,2,12000,0,coupon,false
ORD-001661,2026-02-19,CUST-0112,대구,스포츠,운동밴드,mobile,5,59000,5000,point,false
ORD-001662,2026-02-19,CUST-0034,서울,스포츠,덤벨,web,3,12000,0,coupon,false
ORD-001663,2026-02-20,CUST-0007,대전,스포츠,요가매트,store,1,59000,5000,card,false
ORD-001664,2026-02-20,CUST-0231,부산,패션,자켓,store,5,19000,0,coupon,false
ORD-001665,2026-02-20,CUST-0382,경기,패션,가방,web,4,89000,0,bank_transfer,true
ORD-001666,2026-02-20,CUST-0473,인천,전자기기,마우스,mobile,4,150000,1000,coupon,false
ORD-001667,2026-02-20,CUST-0215,서울,생활용품,청소도구,web,2,15000,5000,point,false
ORD-001668,2026-02-20,CUST-0406,인천,생활용품,텀블러,store,3,37000,0,bank_transfer,false
ORD-001669,2026-02-20,CUST-0242,경기,도서,파이썬기초,mobile,1,22000,0,point,false
ORD-001670,2026-02-20,CUST-0425,인천,도서,클라우드입문,store,4,35000,0,point,false
ORD-001671,2026-02-20,CUST-0222,대구,도서,파이썬기초,web,5,35000,5000,coupon,false
ORD-001672,2026-02-20,CUST-0362,대구,스포츠,요가매트,store,1,39000,0,point,false
ORD-001673,2026-02-20,CUST-0007,부산,도서,파이썬기초,store,2,35000,1000,bank_transfer,false
ORD-001674,2026-02-20,CUST-0067,광주,패션,자켓,mobile,5,129000,0,point,true
ORD-001675,2026-02-20,CUST-0033,서울,스포츠,운동밴드,mobile,3,24000,2000,point,false
ORD-001676,2026-02-20,CUST-0466,인천,생활용품,텀블러,mobile,3,15000,5000,coupon,false
ORD-001677,2026-02-20,CUST-0401,대전,패션,자켓,store,2,89000,0,bank_transfer,false
ORD-001678,2026-02-20,CUST-0456,서울,스포츠,덤벨,mobile,4,24000,2000,card,false
ORD-001679,2026-02-20,CUST-0237,광주,생활용품,텀블러,store,1,23000,2000,point,false
ORD-001680,2026-02-20,CUST-0187,인천,전자기기,모니터,web,2,150000,0,coupon,false
ORD-001681,2026-02-20,CUST-0248,광주,도서,파이썬기초,web,3,15000,0,point,true
ORD-001682,2026-02-20,CUST-0422,인천,패션,가방,store,5,89000,2000,bank_transfer,false
ORD-001683,2026-02-20,CUST-0269,인천,식품,커피,store,1,18000,5000,point,false
ORD-001684,2026-02-20,CUST-0105,경기,도서,네트워크실습,mobile,1,35000,0,card,false
ORD-001685,2026-02-20,CUST-0229,대전,전자기기,모니터,mobile,3,25000,1000,bank_transfer,false
ORD-001686,2026-02-20,CUST-0142,경기,식품,비타민음료,store,1,18000,0,coupon,false
ORD-001687,2026-02-20,CUST-0027,인천,패션,운동화,mobile,3,49000,0,coupon,false
ORD-001688,2026-02-20,CUST-0322,대구,패션,운동화,store,4,89000,2000,point,false
ORD-001689,2026-02-20,CUST-0166,광주,생활용품,텀블러,store,5,23000,0,card,false
ORD-001690,2026-02-20,CUST-0072,경기,식품,커피,web,4,11000,0,bank_transfer,false
ORD-001691,2026-02-20,CUST-0042,대구,스포츠,덤벨,mobile,3,12000,0,card,false
ORD-001692,2026-02-20,CUST-0356,경기,생활용품,청소도구,store,5,9000,1000,card,false
ORD-001693,2026-02-20,CUST-0123,서울,도서,네트워크실습,store,1,22000,0,card,false
ORD-001694,2026-02-21,CUST-0389,경기,스포츠,덤벨,web,1,59000,0,bank_transfer,false
ORD-001695,2026-02-21,CUST-0010,광주,식품,견과류,mobile,4,18000,5000,coupon,false
ORD-001696,2026-02-21,CUST-0302,서울,전자기기,모니터,web,1,320000,0,bank_transfer,false
ORD-001697,2026-02-21,CUST-0298,부산,식품,비타민음료,store,3,6000,5000,bank_transfer,false
ORD-001698,2026-02-21,CUST-0145,부산,생활용품,텀블러,store,5,15000,0,point,true
ORD-001699,2026-02-21,CUST-0172,경기,식품,비타민음료,mobile,2,11000,2000,point,false
ORD-001700,2026-02-21,CUST-0309,대전,생활용품,수납박스,store,4,23000,0,coupon,false
ORD-001701,2026-02-21,CUST-0381,인천,도서,파이썬기초,web,1,15000,1000,bank_transfer,false
ORD-001702,2026-02-21,CUST-0238,서울,식품,견과류,store,5,11000,0,bank_transfer,false
ORD-001703,2026-02-21,CUST-0007,경기,식품,견과류,web,5,11000,0,point,false
ORD-001704,2026-02-21,CUST-0309,인천,도서,네트워크실습,web,3,35000,1000,coupon,false
ORD-001705,2026-02-21,CUST-0453,서울,생활용품,책상조명,web,1,15000,2000,card,false
ORD-001706,2026-02-21,CUST-0374,광주,전자기기,마우스,web,3,25000,1000,card,false
ORD-001707,2026-02-21,CUST-0039,부산,전자기기,마우스,mobile,2,45000,1000,card,false
ORD-001708,2026-02-21,CUST-0234,인천,패션,티셔츠,web,3,19000,0,card,false
ORD-001709,2026-02-21,CUST-0045,대전,스포츠,요가매트,web,2,59000,0,coupon,false
ORD-001710,2026-02-21,CUST-0246,서울,식품,견과류,store,1,18000,5000,bank_transfer,true
ORD-001711,2026-02-21,CUST-0255,대구,도서,클라우드입문,mobile,4,35000,0,coupon,false
ORD-001712,2026-02-21,CUST-0369,대구,도서,클라우드입문,web,1,15000,0,point,false
ORD-001713,2026-02-21,CUST-0415,서울,전자기기,마우스,store,2,45000,5000,card,false
ORD-001714,2026-02-21,CUST-0147,부산,식품,비타민음료,web,2,26000,5000,point,false
ORD-001715,2026-02-22,CUST-0277,경기,생활용품,텀블러,mobile,3,23000,5000,point,true
ORD-001716,2026-02-22,CUST-0393,부산,생활용품,텀블러,web,3,37000,1000,coupon,false
ORD-001717,2026-02-22,CUST-0130,경기,스포츠,러닝벨트,mobile,4,39000,0,point,true
ORD-001718,2026-02-22,CUST-0456,서울,스포츠,러닝벨트,mobile,5,59000,5000,bank_transfer,false
ORD-001719,2026-02-22,CUST-0423,대전,식품,견과류,mobile,5,11000,0,card,false
ORD-001720,2026-02-22,CUST-0003,부산,생활용품,수납박스,store,5,9000,0,bank_transfer,true
ORD-001721,2026-02-22,CUST-0375,인천,스포츠,덤벨,mobile,4,39000,0,coupon,false
ORD-001722,2026-02-22,CUST-0353,인천,식품,비타민음료,web,5,11000,0,bank_transfer,false
ORD-001723,2026-02-22,CUST-0458,인천,스포츠,러닝벨트,store,2,24000,5000,card,false
ORD-001724,2026-02-22,CUST-0156,인천,생활용품,텀블러,web,3,9000,0,card,false
ORD-001725,2026-02-22,CUST-0107,경기,도서,클라우드입문,store,1,15000,0,card,false
ORD-001726,2026-02-22,CUST-0339,대구,전자기기,마우스,web,1,150000,1000,point,false
ORD-001727,2026-02-22,CUST-0318,광주,패션,가방,mobile,2,89000,0,card,false
ORD-001728,2026-02-22,CUST-0016,부산,스포츠,러닝벨트,store,4,12000,0,coupon,false
ORD-001729,2026-02-22,CUST-0486,대전,생활용품,수납박스,mobile,5,37000,2000,card,false
ORD-001730,2026-02-22,CUST-0279,서울,생활용품,수납박스,web,1,37000,1000,bank_transfer,false
ORD-001731,2026-02-22,CUST-0124,광주,스포츠,요가매트,mobile,4,59000,5000,card,false
ORD-001732,2026-02-22,CUST-0049,서울,패션,자켓,store,2,129000,2000,bank_transfer,false
ORD-001733,2026-02-22,CUST-0238,부산,식품,커피,store,1,26000,2000,coupon,false
ORD-001734,2026-02-22,CUST-0252,경기,식품,커피,mobile,5,18000,0,point,true
ORD-001735,2026-02-22,CUST-0057,대전,도서,클라우드입문,web,5,28000,0,card,false
ORD-001736,2026-02-22,CUST-0398,대전,도서,네트워크실습,store,2,35000,0,bank_transfer,false
ORD-001737,2026-02-22,CUST-0444,대전,생활용품,수납박스,store,2,23000,0,coupon,false
ORD-001738,2026-02-22,CUST-0068,대전,도서,네트워크실습,store,1,15000,0,card,false
ORD-001739,2026-02-22,CUST-0460,대전,생활용품,청소도구,mobile,4,23000,0,card,true
ORD-001740,2026-02-22,CUST-0360,대구,생활용품,청소도구,web,3,9000,1000,card,true
ORD-001741,2026-02-22,CUST-0471,경기,전자기기,마우스,web,4,79000,1000,card,true
ORD-001742,2026-02-22,CUST-0229,대전,전자기기,키보드,store,5,25000,0,point,false
ORD-001743,2026-02-22,CUST-0299,대구,식품,견과류,web,1,26000,5000,card,false
ORD-001744,2026-02-22,CUST-0006,부산,도서,파이썬기초,web,3,22000,0,card,false
ORD-001745,2026-02-22,CUST-0156,인천,전자기기,USB허브,web,5,79000,2000,point,false
ORD-001746,2026-02-22,CUST-0245,대구,도서,네트워크실습,web,2,22000,5000,card,false
ORD-001747,2026-02-22,CUST-0440,광주,도서,네트워크실습,web,2,15000,5000,card,false
ORD-001748,2026-02-22,CUST-0430,대전,생활용품,수납박스,mobile,2,15000,5000,bank_transfer,false
ORD-001749,2026-02-23,CUST-0015,경기,생활용품,수납박스,store,1,37000,0,point,false
ORD-001750,2026-02-23,CUST-0487,인천,생활용품,청소도구,store,2,15000,1000,coupon,true
ORD-001751,2026-02-23,CUST-0255,인천,스포츠,덤벨,web,5,24000,2000,coupon,false
ORD-001752,2026-02-23,CUST-0361,인천,식품,커피,web,1,26000,2000,card,false
ORD-001753,2026-02-23,CUST-0156,인천,패션,자켓,store,3,129000,1000,point,false
ORD-001754,2026-02-23,CUST-0356,광주,패션,가방,store,4,129000,5000,bank_transfer,true
ORD-001755,2026-02-23,CUST-0265,광주,생활용품,책상조명,store,4,9000,0,card,true
ORD-001756,2026-02-23,CUST-0117,부산,패션,자켓,mobile,3,89000,2000,bank_transfer,true
ORD-001757,2026-02-23,CUST-0266,대전,식품,간편식,mobile,3,18000,0,point,false
ORD-001758,2026-02-23,CUST-0098,대전,패션,가방,store,5,49000,0,point,false
ORD-001759,2026-02-23,CUST-0089,서울,스포츠,운동밴드,store,4,24000,2000,point,true
ORD-001760,2026-02-23,CUST-0094,대전,스포츠,덤벨,mobile,5,24000,5000,point,false
ORD-001761,2026-02-23,CUST-0276,부산,도서,네트워크실습,web,3,35000,2000,point,false
ORD-001762,2026-02-23,CUST-0202,서울,식품,커피,web,1,18000,1000,bank_transfer,true
ORD-001763,2026-02-23,CUST-0262,광주,패션,가방,mobile,5,129000,2000,bank_transfer,false
ORD-001764,2026-02-23,CUST-0244,대구,패션,티셔츠,mobile,4,129000,2000,point,false
ORD-001765,2026-02-23,CUST-0022,인천,전자기기,키보드,web,1,45000,0,point,false
ORD-001766,2026-02-23,CUST-0474,대전,전자기기,USB허브,store,3,320000,0,coupon,false
ORD-001767,2026-02-23,CUST-0320,대전,도서,클라우드입문,mobile,1,15000,0,point,false
ORD-001768,2026-02-23,CUST-0293,인천,생활용품,텀블러,mobile,2,15000,2000,point,true
ORD-001769,2026-02-23,CUST-0391,경기,도서,파이썬기초,web,5,15000,2000,coupon,false
ORD-001770,2026-02-23,CUST-0499,부산,도서,클라우드입문,mobile,1,22000,2000,card,true
ORD-001771,2026-02-23,CUST-0313,경기,전자기기,키보드,web,2,150000,0,bank_transfer,false
ORD-001772,2026-02-23,CUST-0223,광주,패션,티셔츠,store,2,19000,5000,coupon,false
ORD-001773,2026-02-23,CUST-0365,대구,생활용품,텀블러,mobile,1,15000,0,bank_transfer,false
ORD-001774,2026-02-23,CUST-0106,대전,스포츠,러닝벨트,mobile,1,59000,2000,coupon,false
ORD-001775,2026-02-23,CUST-0316,대구,식품,견과류,mobile,1,18000,1000,bank_transfer,true
ORD-001776,2026-02-23,CUST-0087,인천,패션,운동화,mobile,5,19000,5000,bank_transfer,false
ORD-001777,2026-02-24,CUST-0461,경기,패션,자켓,mobile,3,129000,0,coupon,false
ORD-001778,2026-02-24,CUST-0200,광주,전자기기,USB허브,mobile,1,45000,1000,point,false
ORD-001779,2026-02-24,CUST-0466,대구,생활용품,수납박스,web,4,37000,5000,coupon,false
ORD-001780,2026-02-24,CUST-0246,경기,패션,자켓,web,3,49000,0,bank_transfer,false
ORD-001781,2026-02-24,CUST-0390,경기,식품,간편식,web,4,6000,0,bank_transfer,false
ORD-001782,2026-02-24,CUST-0269,부산,전자기기,USB허브,mobile,1,320000,0,bank_transfer,false
ORD-001783,2026-02-24,CUST-0210,부산,패션,운동화,web,3,129000,0,card,false
ORD-001784,2026-02-24,CUST-0148,광주,도서,클라우드입문,mobile,5,15000,5000,coupon,false
ORD-001785,2026-02-24,CUST-0035,인천,도서,파이썬기초,web,2,15000,2000,point,false
ORD-001786,2026-02-24,CUST-0079,광주,도서,클라우드입문,web,5,35000,0,bank_transfer,false
ORD-001787,2026-02-24,CUST-0257,광주,전자기기,마우스,web,3,45000,2000,coupon,false
ORD-001788,2026-02-24,CUST-0124,인천,도서,파이썬기초,store,4,15000,0,point,false
ORD-001789,2026-02-24,CUST-0364,서울,식품,견과류,store,2,26000,1000,bank_transfer,false
ORD-001790,2026-02-24,CUST-0148,대구,도서,클라우드입문,store,4,15000,0,coupon,false
ORD-001791,2026-02-24,CUST-0182,인천,스포츠,러닝벨트,store,5,59000,1000,coupon,true
ORD-001792,2026-02-24,CUST-0413,서울,패션,가방,web,5,49000,1000,card,false
ORD-001793,2026-02-24,CUST-0196,대구,식품,견과류,mobile,1,18000,2000,point,false
ORD-001794,2026-02-24,CUST-0223,인천,전자기기,마우스,store,2,150000,0,bank_transfer,false
ORD-001795,2026-02-24,CUST-0009,경기,생활용품,텀블러,mobile,4,23000,0,point,false
ORD-001796,2026-02-24,CUST-0238,경기,생활용품,청소도구,mobile,4,37000,0,card,false
ORD-001797,2026-02-24,CUST-0180,대구,도서,파이썬기초,mobile,3,15000,0,coupon,false
ORD-001798,2026-02-24,CUST-0245,서울,전자기기,USB허브,mobile,3,79000,2000,card,true
ORD-001799,2026-02-24,CUST-0006,서울,패션,자켓,web,3,49000,2000,point,false
ORD-001800,2026-02-24,CUST-0191,서울,전자기기,무선이어폰,mobile,2,320000,5000,coupon,true
ORD-001801,2026-02-24,CUST-0189,서울,패션,가방,store,5,89000,0,card,false
ORD-001802,2026-02-24,CUST-0374,대전,생활용품,청소도구,store,5,37000,0,card,true
ORD-001803,2026-02-25,CUST-0391,경기,생활용품,책상조명,web,3,37000,0,coupon,false
ORD-001804,2026-02-25,CUST-0007,경기,패션,가방,web,1,49000,0,coupon,false
ORD-001805,2026-02-25,CUST-0291,부산,식품,간편식,web,2,26000,1000,card,true
ORD-001806,2026-02-25,CUST-0403,서울,전자기기,키보드,web,3,25000,5000,coupon,false
ORD-001807,2026-02-25,CUST-0416,부산,도서,네트워크실습,store,1,15000,5000,point,false
ORD-001808,2026-02-25,CUST-0342,대전,생활용품,책상조명,store,3,23000,2000,point,false
ORD-001809,2026-02-25,CUST-0140,부산,식품,간편식,store,1,11000,1000,point,false
ORD-001810,2026-02-25,CUST-0055,인천,생활용품,청소도구,web,5,9000,0,bank_transfer,false
ORD-001811,2026-02-25,CUST-0259,부산,도서,파이썬기초,mobile,2,35000,0,coupon,true
ORD-001812,2026-02-25,CUST-0320,대구,생활용품,책상조명,store,1,23000,0,card,false
ORD-001813,2026-02-25,CUST-0213,대구,패션,티셔츠,web,4,129000,1000,point,false
ORD-001814,2026-02-25,CUST-0476,대구,패션,티셔츠,store,2,89000,1000,bank_transfer,false
ORD-001815,2026-02-25,CUST-0412,경기,생활용품,청소도구,mobile,3,15000,0,bank_transfer,true
ORD-001816,2026-02-25,CUST-0043,인천,식품,견과류,store,1,26000,0,card,false
ORD-001817,2026-02-25,CUST-0027,서울,도서,네트워크실습,mobile,1,35000,5000,bank_transfer,false
ORD-001818,2026-02-25,CUST-0342,광주,전자기기,키보드,web,3,79000,5000,card,false
ORD-001819,2026-02-25,CUST-0043,서울,도서,보안개론,store,1,28000,0,card,true
ORD-001820,2026-02-25,CUST-0304,부산,도서,파이썬기초,store,4,35000,0,card,false
ORD-001821,2026-02-25,CUST-0437,부산,식품,견과류,web,1,11000,1000,card,true
ORD-001822,2026-02-25,CUST-0341,경기,생활용품,텀블러,store,1,23000,1000,coupon,false
ORD-001823,2026-02-25,CUST-0215,인천,생활용품,책상조명,web,3,23000,5000,point,false
ORD-001824,2026-02-25,CUST-0361,경기,스포츠,운동밴드,web,2,24000,1000,card,false
ORD-001825,2026-02-25,CUST-0065,경기,전자기기,USB허브,store,2,25000,0,card,false
ORD-001826,2026-02-25,CUST-0223,대구,패션,자켓,web,5,89000,0,point,false
ORD-001827,2026-02-26,CUST-0099,부산,도서,네트워크실습,web,3,15000,0,card,false
ORD-001828,2026-02-26,CUST-0338,대구,전자기기,마우스,store,2,150000,1000,point,false
ORD-001829,2026-02-26,CUST-0491,인천,생활용품,텀블러,store,4,23000,5000,bank_transfer,false
ORD-001830,2026-02-26,CUST-0449,부산,전자기기,키보드,web,4,79000,0,card,false
ORD-001831,2026-02-26,CUST-0214,서울,도서,파이썬기초,web,3,35000,0,point,false
ORD-001832,2026-02-26,CUST-0248,인천,스포츠,운동밴드,store,3,39000,0,bank_transfer,false
ORD-001833,2026-02-26,CUST-0201,광주,도서,파이썬기초,store,5,28000,0,bank_transfer,true
ORD-001834,2026-02-26,CUST-0276,인천,생활용품,수납박스,mobile,5,37000,2000,card,false
ORD-001835,2026-02-26,CUST-0243,인천,패션,자켓,mobile,4,19000,2000,coupon,false
ORD-001836,2026-02-26,CUST-0136,부산,식품,간편식,store,5,18000,0,card,false
ORD-001837,2026-02-26,CUST-0118,서울,도서,보안개론,web,3,35000,0,coupon,true
ORD-001838,2026-02-26,CUST-0411,인천,도서,네트워크실습,mobile,4,15000,0,coupon,false
ORD-001839,2026-02-26,CUST-0255,광주,전자기기,USB허브,web,5,79000,5000,point,false
ORD-001840,2026-02-26,CUST-0091,광주,전자기기,키보드,store,5,150000,5000,bank_transfer,false
ORD-001841,2026-02-26,CUST-0485,대구,전자기기,모니터,web,3,25000,5000,card,false
ORD-001842,2026-02-26,CUST-0213,경기,도서,보안개론,mobile,3,22000,5000,bank_transfer,false
ORD-001843,2026-02-26,CUST-0278,대전,스포츠,덤벨,store,1,39000,0,card,false
ORD-001844,2026-02-26,CUST-0399,인천,전자기기,키보드,mobile,1,25000,0,bank_transfer,false
ORD-001845,2026-02-26,CUST-0239,광주,전자기기,모니터,web,1,79000,2000,coupon,true
ORD-001846,2026-02-26,CUST-0091,대구,스포츠,운동밴드,web,3,12000,0,point,false
ORD-001847,2026-02-26,CUST-0176,경기,스포츠,요가매트,store,1,12000,0,bank_transfer,false
ORD-001848,2026-02-26,CUST-0054,인천,생활용품,책상조명,store,3,9000,1000,coupon,false
ORD-001849,2026-02-26,CUST-0397,광주,도서,파이썬기초,store,5,22000,5000,card,false
ORD-001850,2026-02-26,CUST-0165,대전,스포츠,덤벨,mobile,5,59000,1000,bank_transfer,false
ORD-001851,2026-02-26,CUST-0182,서울,전자기기,무선이어폰,store,2,150000,0,point,true
ORD-001852,2026-02-26,CUST-0044,경기,스포츠,운동밴드,web,1,59000,0,card,false
ORD-001853,2026-02-26,CUST-0372,인천,식품,간편식,mobile,4,26000,2000,card,true
ORD-001854,2026-02-26,CUST-0421,대구,식품,커피,mobile,2,18000,0,card,true
ORD-001855,2026-02-26,CUST-0418,대구,전자기기,무선이어폰,web,2,79000,5000,point,false
ORD-001856,2026-02-26,CUST-0256,부산,패션,가방,store,5,19000,0,point,false
ORD-001857,2026-02-26,CUST-0365,서울,생활용품,수납박스,web,3,9000,0,card,false
ORD-001858,2026-02-26,CUST-0455,서울,패션,티셔츠,web,3,19000,0,bank_transfer,false
ORD-001859,2026-02-26,CUST-0431,인천,식품,커피,store,1,11000,0,card,false
ORD-001860,2026-02-26,CUST-0160,대구,스포츠,운동밴드,web,1,39000,1000,point,false
ORD-001861,2026-02-26,CUST-0003,서울,패션,티셔츠,mobile,1,49000,0,card,true
ORD-001862,2026-02-26,CUST-0082,광주,생활용품,책상조명,store,5,37000,0,bank_transfer,false
ORD-001863,2026-02-26,CUST-0359,인천,전자기기,마우스,web,2,45000,5000,card,true
ORD-001864,2026-02-26,CUST-0123,대구,생활용품,텀블러,web,2,15000,5000,point,true
ORD-001865,2026-02-26,CUST-0221,경기,식품,간편식,store,5,26000,0,coupon,false
ORD-001866,2026-02-26,CUST-0211,광주,도서,보안개론,mobile,2,28000,1000,point,true
ORD-001867,2026-02-26,CUST-0255,서울,도서,클라우드입문,web,3,35000,5000,coupon,true
ORD-001868,2026-02-26,CUST-0417,대전,식품,간편식,store,2,18000,2000,card,false
ORD-001869,2026-02-27,CUST-0375,서울,도서,파이썬기초,store,2,15000,0,coupon,false
ORD-001870,2026-02-27,CUST-0334,경기,도서,파이썬기초,store,1,28000,2000,card,false
ORD-001871,2026-02-27,CUST-0229,경기,스포츠,요가매트,web,1,59000,0,card,false
ORD-001872,2026-02-27,CUST-0349,부산,패션,자켓,mobile,4,129000,5000,bank_transfer,true
ORD-001873,2026-02-27,CUST-0446,대전,스포츠,덤벨,store,4,24000,0,bank_transfer,false
ORD-001874,2026-02-27,CUST-0002,대구,생활용품,청소도구,mobile,4,23000,0,bank_transfer,false
ORD-001875,2026-02-27,CUST-0212,서울,전자기기,무선이어폰,mobile,5,150000,0,bank_transfer,false
ORD-001876,2026-02-27,CUST-0403,인천,패션,자켓,store,4,49000,0,card,false
ORD-001877,2026-02-27,CUST-0231,경기,식품,비타민음료,store,3,18000,5000,point,false
ORD-001878,2026-02-27,CUST-0225,경기,생활용품,청소도구,web,2,23000,1000,bank_transfer,false
ORD-001879,2026-02-27,CUST-0329,경기,스포츠,러닝벨트,web,2,59000,2000,point,true
ORD-001880,2026-02-27,CUST-0410,부산,스포츠,운동밴드,store,1,39000,0,coupon,true
ORD-001881,2026-02-27,CUST-0130,인천,전자기기,무선이어폰,web,1,320000,0,bank_transfer,false
ORD-001882,2026-02-27,CUST-0394,대전,스포츠,러닝벨트,store,2,12000,0,coupon,false
ORD-001883,2026-02-27,CUST-0056,대전,식품,견과류,mobile,4,6000,0,coupon,false
ORD-001884,2026-02-27,CUST-0290,광주,패션,자켓,mobile,4,49000,5000,card,true
ORD-001885,2026-02-27,CUST-0440,부산,생활용품,청소도구,mobile,2,15000,0,coupon,false
ORD-001886,2026-02-27,CUST-0009,대전,도서,보안개론,web,2,35000,1000,card,true
ORD-001887,2026-02-27,CUST-0240,대구,식품,간편식,store,4,11000,0,card,false
ORD-001888,2026-02-27,CUST-0112,부산,전자기기,USB허브,web,2,150000,0,card,false
ORD-001889,2026-02-27,CUST-0456,대구,패션,티셔츠,web,1,129000,0,card,true
ORD-001890,2026-02-27,CUST-0275,대전,패션,운동화,store,1,19000,0,bank_transfer,true
ORD-001891,2026-02-27,CUST-0475,인천,전자기기,모니터,mobile,5,79000,0,bank_transfer,false
ORD-001892,2026-02-27,CUST-0118,광주,생활용품,책상조명,mobile,1,9000,2000,card,true
ORD-001893,2026-02-27,CUST-0014,대전,생활용품,책상조명,web,4,23000,2000,card,false
ORD-001894,2026-02-27,CUST-0378,서울,스포츠,운동밴드,store,2,24000,0,bank_transfer,false
ORD-001895,2026-02-27,CUST-0032,대전,도서,파이썬기초,mobile,2,22000,0,bank_transfer,false
ORD-001896,2026-02-27,CUST-0188,대전,식품,간편식,mobile,1,6000,5000,coupon,false
ORD-001897,2026-02-27,CUST-0088,부산,도서,클라우드입문,web,4,22000,1000,bank_transfer,false
ORD-001898,2026-02-27,CUST-0038,경기,스포츠,러닝벨트,mobile,1,12000,0,card,false
ORD-001899,2026-02-27,CUST-0366,광주,생활용품,텀블러,store,3,15000,5000,point,true
ORD-001900,2026-02-27,CUST-0313,인천,생활용품,텀블러,mobile,4,15000,1000,point,false
ORD-001901,2026-02-27,CUST-0152,대구,패션,자켓,store,1,49000,0,coupon,false
ORD-001902,2026-02-27,CUST-0378,대전,전자기기,USB허브,store,2,25000,0,card,false
ORD-001903,2026-02-27,CUST-0028,광주,식품,비타민음료,web,5,26000,5000,bank_transfer,false
ORD-001904,2026-02-27,CUST-0453,서울,도서,파이썬기초,web,5,15000,2000,card,true
ORD-001905,2026-02-27,CUST-0070,인천,패션,티셔츠,web,3,89000,0,card,true
ORD-001906,2026-02-27,CUST-0266,경기,생활용품,청소도구,store,2,15000,0,coupon,false
ORD-001907,2026-02-27,CUST-0236,경기,전자기기,모니터,store,1,320000,5000,point,false
ORD-001908,2026-02-27,CUST-0442,인천,패션,티셔츠,store,1,19000,0,card,false
ORD-001909,2026-02-27,CUST-0353,경기,전자기기,마우스,mobile,5,45000,0,card,false
ORD-001910,2026-02-28,CUST-0181,부산,식품,견과류,mobile,5,6000,0,card,false
ORD-001911,2026-02-28,CUST-0280,인천,식품,견과류,web,3,18000,0,coupon,false
ORD-001912,2026-02-28,CUST-0257,광주,패션,가방,web,2,19000,0,point,false
ORD-001913,2026-02-28,CUST-0014,서울,생활용품,청소도구,store,5,9000,1000,card,false
ORD-001914,2026-02-28,CUST-0046,부산,전자기기,마우스,store,4,45000,0,point,false
ORD-001915,2026-02-28,CUST-0121,대구,식품,간편식,web,4,26000,2000,point,false
ORD-001916,2026-02-28,CUST-0188,부산,식품,간편식,web,3,18000,5000,coupon,false
ORD-001917,2026-02-28,CUST-0107,경기,스포츠,요가매트,mobile,4,12000,0,coupon,false
ORD-001918,2026-02-28,CUST-0095,경기,식품,견과류,web,5,6000,5000,card,true
ORD-001919,2026-02-28,CUST-0064,광주,패션,티셔츠,store,4,19000,0,card,true
ORD-001920,2026-02-28,CUST-0451,경기,패션,자켓,store,5,49000,1000,bank_transfer,false
ORD-001921,2026-02-28,CUST-0080,대전,생활용품,텀블러,web,4,9000,0,bank_transfer,false
ORD-001922,2026-02-28,CUST-0331,대전,스포츠,러닝벨트,store,2,39000,2000,point,true
ORD-001923,2026-02-28,CUST-0388,대전,생활용품,책상조명,web,1,15000,0,point,false
ORD-001924,2026-02-28,CUST-0043,대구,스포츠,러닝벨트,web,1,24000,0,coupon,false
ORD-001925,2026-02-28,CUST-0444,인천,패션,가방,web,3,49000,0,bank_transfer,false
ORD-001926,2026-02-28,CUST-0151,경기,생활용품,텀블러,store,3,23000,2000,card,false
ORD-001927,2026-02-28,CUST-0406,부산,스포츠,요가매트,mobile,4,59000,0,card,false
ORD-001928,2026-02-28,CUST-0266,경기,도서,클라우드입문,mobile,2,28000,2000,point,true
ORD-001929,2026-02-28,CUST-0345,대전,스포츠,덤벨,mobile,5,59000,5000,card,false
ORD-001930,2026-02-28,CUST-0107,인천,패션,티셔츠,mobile,2,89000,0,bank_transfer,false
ORD-001931,2026-02-28,CUST-0414,경기,식품,견과류,web,1,18000,1000,card,false
ORD-001932,2026-02-28,CUST-0279,서울,전자기기,USB허브,store,5,150000,1000,bank_transfer,false
ORD-001933,2026-02-28,CUST-0208,대전,도서,클라우드입문,mobile,4,22000,0,bank_transfer,false
ORD-001934,2026-02-28,CUST-0390,광주,전자기기,모니터,mobile,1,25000,0,point,true
ORD-001935,2026-02-28,CUST-0369,인천,생활용품,수납박스,store,5,37000,1000,card,true
ORD-001936,2026-02-28,CUST-0055,부산,전자기기,키보드,mobile,1,45000,0,card,true
ORD-001937,2026-02-28,CUST-0171,대구,식품,간편식,store,2,6000,5000,coupon,false
ORD-001938,2026-02-28,CUST-0349,경기,패션,자켓,mobile,4,19000,0,point,true
ORD-001939,2026-02-28,CUST-0310,서울,식품,견과류,web,1,11000,0,point,false
ORD-001940,2026-02-28,CUST-0272,대구,전자기기,USB허브,mobile,2,79000,0,card,false
ORD-001941,2026-02-28,CUST-0483,경기,식품,간편식,store,2,26000,0,bank_transfer,false
ORD-001942,2026-02-28,CUST-0215,서울,전자기기,키보드,web,3,150000,0,point,false
ORD-001943,2026-02-28,CUST-0482,대전,전자기기,마우스,web,5,45000,2000,point,false
ORD-001944,2026-03-01,CUST-0223,인천,전자기기,마우스,store,4,45000,1000,card,false
ORD-001945,2026-03-01,CUST-0481,서울,식품,커피,web,2,6000,1000,card,false
ORD-001946,2026-03-01,CUST-0046,인천,식품,간편식,web,4,18000,1000,coupon,true
ORD-001947,2026-03-01,CUST-0052,경기,도서,네트워크실습,web,3,15000,5000,point,false
ORD-001948,2026-03-01,CUST-0094,대구,패션,자켓,store,4,19000,2000,card,true
ORD-001949,2026-03-01,CUST-0319,경기,생활용품,청소도구,store,5,37000,5000,point,false
ORD-001950,2026-03-01,CUST-0003,인천,패션,티셔츠,store,2,19000,0,coupon,true
ORD-001951,2026-03-01,CUST-0378,광주,도서,보안개론,web,2,28000,1000,coupon,true
ORD-001952,2026-03-01,CUST-0028,서울,전자기기,키보드,store,3,45000,2000,point,false
ORD-001953,2026-03-01,CUST-0298,대전,생활용품,수납박스,web,5,9000,0,point,true
ORD-001954,2026-03-01,CUST-0414,경기,패션,운동화,mobile,4,19000,0,coupon,true
ORD-001955,2026-03-01,CUST-0389,광주,식품,비타민음료,store,5,18000,5000,coupon,true
ORD-001956,2026-03-01,CUST-0297,대구,전자기기,USB허브,store,2,79000,2000,bank_transfer,false
ORD-001957,2026-03-01,CUST-0455,부산,도서,보안개론,store,3,15000,0,bank_transfer,true
ORD-001958,2026-03-01,CUST-0400,경기,도서,파이썬기초,mobile,2,15000,0,coupon,false
ORD-001959,2026-03-01,CUST-0286,대구,식품,커피,web,5,26000,5000,coupon,false
ORD-001960,2026-03-01,CUST-0090,대전,스포츠,요가매트,web,4,59000,0,point,false
ORD-001961,2026-03-01,CUST-0465,부산,식품,간편식,store,3,11000,5000,bank_transfer,true
ORD-001962,2026-03-01,CUST-0492,대구,식품,간편식,store,3,6000,0,card,false
ORD-001963,2026-03-01,CUST-0208,광주,도서,네트워크실습,mobile,1,28000,2000,bank_transfer,false
ORD-001964,2026-03-01,CUST-0194,부산,생활용품,책상조명,mobile,5,9000,1000,card,true
ORD-001965,2026-03-01,CUST-0393,경기,도서,클라우드입문,store,4,35000,0,point,false
ORD-001966,2026-03-01,CUST-0205,광주,식품,견과류,web,3,6000,0,bank_transfer,false
ORD-001967,2026-03-01,CUST-0245,인천,식품,견과류,web,1,18000,0,card,false
ORD-001968,2026-03-01,CUST-0033,서울,전자기기,USB허브,web,5,150000,1000,coupon,false
ORD-001969,2026-03-01,CUST-0417,광주,식품,간편식,mobile,1,6000,5000,card,false
ORD-001970,2026-03-01,CUST-0332,부산,전자기기,무선이어폰,web,5,150000,0,point,true
ORD-001971,2026-03-01,CUST-0397,경기,스포츠,요가매트,store,1,39000,1000,bank_transfer,false
ORD-001972,2026-03-01,CUST-0113,대전,식품,비타민음료,mobile,2,26000,0,point,false
ORD-001973,2026-03-01,CUST-0201,경기,전자기기,모니터,web,4,150000,2000,coupon,false
ORD-001974,2026-03-01,CUST-0177,서울,도서,네트워크실습,store,2,35000,2000,card,false
ORD-001975,2026-03-01,CUST-0290,대전,스포츠,러닝벨트,store,4,59000,0,card,false
ORD-001976,2026-03-01,CUST-0135,서울,패션,티셔츠,web,5,129000,5000,bank_transfer,true
ORD-001977,2026-03-01,CUST-0184,대전,도서,네트워크실습,web,1,22000,0,bank_transfer,false
ORD-001978,2026-03-01,CUST-0238,서울,패션,가방,web,4,19000,2000,bank_transfer,false
ORD-001979,2026-03-01,CUST-0195,서울,스포츠,요가매트,web,5,12000,0,coupon,false
ORD-001980,2026-03-01,CUST-0294,부산,도서,보안개론,mobile,4,22000,1000,card,true
ORD-001981,2026-03-01,CUST-0152,부산,도서,파이썬기초,mobile,1,35000,5000,card,true
ORD-001982,2026-03-01,CUST-0151,광주,스포츠,덤벨,web,1,39000,0,card,false
ORD-001983,2026-03-01,CUST-0105,대전,생활용품,책상조명,mobile,1,23000,0,card,false
ORD-001984,2026-03-02,CUST-0342,광주,생활용품,수납박스,web,4,15000,5000,bank_transfer,false
ORD-001985,2026-03-02,CUST-0275,인천,전자기기,무선이어폰,web,1,45000,1000,card,true
ORD-001986,2026-03-02,CUST-0294,광주,스포츠,덤벨,mobile,5,39000,1000,coupon,false
ORD-001987,2026-03-02,CUST-0125,서울,스포츠,러닝벨트,store,4,24000,0,bank_transfer,true
ORD-001988,2026-03-02,CUST-0294,인천,식품,견과류,mobile,1,26000,0,card,false
ORD-001989,2026-03-02,CUST-0359,서울,생활용품,청소도구,mobile,1,37000,1000,coupon,false
ORD-001990,2026-03-02,CUST-0193,광주,도서,네트워크실습,web,1,22000,0,card,false
ORD-001991,2026-03-02,CUST-0168,대전,스포츠,덤벨,web,2,24000,5000,card,false
ORD-001992,2026-03-02,CUST-0480,서울,생활용품,책상조명,store,3,9000,2000,point,false
ORD-001993,2026-03-02,CUST-0038,광주,생활용품,텀블러,web,5,9000,5000,point,false
ORD-001994,2026-03-02,CUST-0303,광주,식품,비타민음료,store,5,26000,0,point,true
ORD-001995,2026-03-02,CUST-0065,서울,도서,네트워크실습,mobile,5,28000,0,card,false
ORD-001996,2026-03-02,CUST-0260,부산,식품,간편식,store,5,26000,5000,bank_transfer,false
ORD-001997,2026-03-02,CUST-0232,대전,패션,자켓,store,1,19000,0,coupon,false
ORD-001998,2026-03-02,CUST-0459,광주,전자기기,모니터,mobile,3,25000,0,coupon,false
ORD-001999,2026-03-02,CUST-0014,광주,생활용품,청소도구,mobile,5,15000,5000,point,false
ORD-002000,2026-03-02,CUST-0273,대구,생활용품,수납박스,mobile,4,9000,1000,bank_transfer,true
ORD-002001,2026-03-02,CUST-0265,광주,식품,비타민음료,web,2,26000,0,coupon,false
ORD-002002,2026-03-02,CUST-0330,경기,스포츠,요가매트,store,5,39000,0,bank_transfer,false
ORD-002003,2026-03-02,CUST-0387,대구,패션,티셔츠,mobile,1,89000,5000,point,false
ORD-002004,2026-03-02,CUST-0086,부산,스포츠,러닝벨트,store,1,12000,5000,bank_transfer,false
ORD-002005,2026-03-02,CUST-0479,광주,스포츠,운동밴드,mobile,3,39000,0,coupon,false
ORD-002006,2026-03-02,CUST-0151,경기,식품,비타민음료,store,2,11000,0,bank_transfer,true
ORD-002007,2026-03-02,CUST-0280,광주,스포츠,덤벨,web,4,39000,0,point,false
ORD-002008,2026-03-02,CUST-0096,광주,생활용품,텀블러,mobile,1,23000,5000,coupon,false
ORD-002009,2026-03-02,CUST-0207,광주,도서,보안개론,web,2,35000,2000,bank_transfer,false
ORD-002010,2026-03-02,CUST-0287,대전,패션,자켓,mobile,2,19000,2000,point,false
ORD-002011,2026-03-02,CUST-0487,인천,패션,티셔츠,store,5,129000,0,point,false
ORD-002012,2026-03-02,CUST-0423,부산,전자기기,USB허브,web,4,79000,5000,card,false
ORD-002013,2026-03-02,CUST-0475,인천,도서,보안개론,web,5,15000,2000,coupon,false
ORD-002014,2026-03-02,CUST-0427,대전,식품,비타민음료,mobile,1,11000,0,bank_transfer,true
ORD-002015,2026-03-02,CUST-0158,서울,패션,티셔츠,mobile,3,19000,0,point,false
ORD-002016,2026-03-03,CUST-0374,경기,전자기기,마우스,mobile,2,79000,0,bank_transfer,false
ORD-002017,2026-03-03,CUST-0436,부산,생활용품,청소도구,web,2,9000,1000,card,false
ORD-002018,2026-03-03,CUST-0019,인천,식품,견과류,mobile,1,11000,0,bank_transfer,false
ORD-002019,2026-03-03,CUST-0288,서울,생활용품,청소도구,store,5,9000,2000,bank_transfer,false
ORD-002020,2026-03-03,CUST-0433,광주,생활용품,수납박스,store,3,23000,0,point,false
ORD-002021,2026-03-03,CUST-0214,서울,생활용품,텀블러,mobile,3,15000,2000,coupon,false
ORD-002022,2026-03-03,CUST-0253,대전,생활용품,청소도구,mobile,3,23000,0,point,false
ORD-002023,2026-03-03,CUST-0408,인천,스포츠,운동밴드,mobile,5,39000,1000,point,false
ORD-002024,2026-03-03,CUST-0416,대전,도서,파이썬기초,mobile,5,28000,0,point,false
ORD-002025,2026-03-03,CUST-0411,부산,전자기기,키보드,mobile,1,25000,0,bank_transfer,false
ORD-002026,2026-03-03,CUST-0410,부산,식품,간편식,mobile,2,6000,0,card,false
ORD-002027,2026-03-03,CUST-0268,경기,도서,클라우드입문,store,3,28000,1000,coupon,false
ORD-002028,2026-03-03,CUST-0436,광주,식품,간편식,store,3,6000,0,coupon,false
ORD-002029,2026-03-03,CUST-0217,대구,생활용품,청소도구,store,4,15000,5000,coupon,false
ORD-002030,2026-03-03,CUST-0067,부산,스포츠,운동밴드,store,2,59000,5000,bank_transfer,false
ORD-002031,2026-03-03,CUST-0413,인천,패션,자켓,web,1,49000,2000,card,false
ORD-002032,2026-03-03,CUST-0311,경기,스포츠,덤벨,store,1,24000,0,card,false
ORD-002033,2026-03-03,CUST-0454,서울,스포츠,운동밴드,store,1,12000,1000,bank_transfer,false
ORD-002034,2026-03-03,CUST-0238,부산,생활용품,책상조명,web,2,37000,0,bank_transfer,true
ORD-002035,2026-03-03,CUST-0461,부산,생활용품,청소도구,mobile,4,9000,0,coupon,false
ORD-002036,2026-03-03,CUST-0248,경기,패션,자켓,mobile,5,89000,5000,bank_transfer,false
ORD-002037,2026-03-03,CUST-0262,인천,식품,커피,store,2,18000,2000,coupon,false
ORD-002038,2026-03-03,CUST-0445,경기,생활용품,텀블러,store,4,9000,0,coupon,true
ORD-002039,2026-03-03,CUST-0102,대구,전자기기,모니터,store,1,45000,1000,bank_transfer,false
ORD-002040,2026-03-03,CUST-0080,광주,식품,간편식,store,3,6000,0,bank_transfer,false
ORD-002041,2026-03-03,CUST-0410,부산,스포츠,러닝벨트,store,1,24000,5000,card,false
ORD-002042,2026-03-03,CUST-0122,경기,스포츠,운동밴드,mobile,5,24000,2000,point,false
ORD-002043,2026-03-03,CUST-0137,대구,스포츠,덤벨,web,3,24000,2000,coupon,false
ORD-002044,2026-03-03,CUST-0149,경기,스포츠,러닝벨트,web,2,59000,0,point,false
ORD-002045,2026-03-03,CUST-0093,대구,패션,자켓,store,5,129000,5000,coupon,false
ORD-002046,2026-03-03,CUST-0083,서울,전자기기,키보드,mobile,2,320000,1000,bank_transfer,false
ORD-002047,2026-03-03,CUST-0363,인천,스포츠,러닝벨트,mobile,1,59000,0,bank_transfer,false
ORD-002048,2026-03-03,CUST-0069,인천,식품,간편식,mobile,2,11000,0,coupon,false
ORD-002049,2026-03-03,CUST-0136,인천,스포츠,요가매트,store,2,24000,0,coupon,false
ORD-002050,2026-03-04,CUST-0355,대전,스포츠,러닝벨트,store,3,59000,5000,point,false
ORD-002051,2026-03-04,CUST-0202,서울,스포츠,운동밴드,web,2,24000,5000,bank_transfer,true
ORD-002052,2026-03-04,CUST-0418,광주,전자기기,마우스,store,2,79000,1000,point,false
ORD-002053,2026-03-04,CUST-0447,대전,전자기기,모니터,store,3,25000,0,card,false
ORD-002054,2026-03-04,CUST-0384,부산,전자기기,키보드,store,2,320000,5000,card,true
ORD-002055,2026-03-04,CUST-0099,서울,전자기기,마우스,store,4,45000,0,bank_transfer,true
ORD-002056,2026-03-04,CUST-0352,광주,전자기기,USB허브,mobile,4,150000,0,card,false
ORD-002057,2026-03-04,CUST-0375,경기,식품,커피,web,4,11000,0,bank_transfer,false
ORD-002058,2026-03-04,CUST-0028,서울,도서,클라우드입문,store,4,35000,1000,card,false
ORD-002059,2026-03-04,CUST-0468,경기,전자기기,무선이어폰,web,4,150000,0,card,false
ORD-002060,2026-03-04,CUST-0339,대전,식품,커피,store,2,26000,5000,coupon,false
ORD-002061,2026-03-04,CUST-0099,대구,도서,파이썬기초,mobile,1,22000,0,point,true
ORD-002062,2026-03-04,CUST-0398,광주,도서,클라우드입문,web,4,22000,5000,bank_transfer,false
ORD-002063,2026-03-04,CUST-0405,광주,패션,운동화,store,1,19000,0,coupon,false
ORD-002064,2026-03-04,CUST-0069,경기,스포츠,덤벨,store,1,39000,2000,point,false
ORD-002065,2026-03-04,CUST-0496,부산,생활용품,텀블러,store,5,9000,0,coupon,false
ORD-002066,2026-03-04,CUST-0066,인천,전자기기,무선이어폰,store,5,45000,2000,coupon,false
ORD-002067,2026-03-04,CUST-0142,경기,전자기기,무선이어폰,mobile,4,45000,0,point,false
ORD-002068,2026-03-04,CUST-0109,인천,식품,견과류,web,4,18000,0,point,false
ORD-002069,2026-03-04,CUST-0217,서울,전자기기,키보드,mobile,2,25000,1000,bank_transfer,false
ORD-002070,2026-03-04,CUST-0307,광주,생활용품,텀블러,web,3,37000,0,coupon,false
ORD-002071,2026-03-04,CUST-0212,경기,스포츠,요가매트,web,4,59000,2000,bank_transfer,false
ORD-002072,2026-03-04,CUST-0424,대전,패션,티셔츠,store,3,89000,0,card,false
ORD-002073,2026-03-04,CUST-0009,광주,도서,보안개론,mobile,2,15000,0,coupon,false
ORD-002074,2026-03-04,CUST-0034,부산,생활용품,청소도구,mobile,4,23000,0,point,true
ORD-002075,2026-03-04,CUST-0246,인천,패션,자켓,web,2,129000,0,bank_transfer,false
ORD-002076,2026-03-04,CUST-0285,서울,패션,가방,web,1,129000,0,card,false
ORD-002077,2026-03-04,CUST-0052,대구,전자기기,키보드,mobile,4,25000,2000,point,false
ORD-002078,2026-03-04,CUST-0279,서울,전자기기,모니터,store,4,45000,2000,card,false
ORD-002079,2026-03-04,CUST-0016,인천,스포츠,운동밴드,store,1,59000,0,card,true
ORD-002080,2026-03-04,CUST-0022,대구,패션,티셔츠,mobile,1,129000,0,card,true
ORD-002081,2026-03-04,CUST-0497,서울,도서,클라우드입문,mobile,2,35000,0,point,false
ORD-002082,2026-03-04,CUST-0090,서울,식품,견과류,store,3,26000,0,bank_transfer,false
ORD-002083,2026-03-04,CUST-0273,인천,전자기기,무선이어폰,store,4,320000,0,point,false
ORD-002084,2026-03-04,CUST-0016,경기,생활용품,청소도구,web,5,37000,0,card,false
ORD-002085,2026-03-04,CUST-0422,인천,패션,운동화,mobile,5,49000,1000,point,false
ORD-002086,2026-03-04,CUST-0300,서울,생활용품,청소도구,store,2,37000,0,bank_transfer,false
ORD-002087,2026-03-04,CUST-0207,대구,도서,네트워크실습,mobile,1,15000,0,card,false
ORD-002088,2026-03-04,CUST-0229,광주,패션,자켓,mobile,1,19000,0,coupon,false
ORD-002089,2026-03-05,CUST-0279,인천,패션,티셔츠,store,3,19000,2000,card,false
ORD-002090,2026-03-05,CUST-0163,인천,스포츠,운동밴드,web,3,12000,0,card,false
ORD-002091,2026-03-05,CUST-0402,광주,패션,티셔츠,store,5,89000,1000,coupon,false
ORD-002092,2026-03-05,CUST-0225,대전,스포츠,덤벨,web,2,12000,1000,coupon,true
ORD-002093,2026-03-05,CUST-0077,경기,생활용품,책상조명,mobile,4,9000,1000,point,false
ORD-002094,2026-03-05,CUST-0120,인천,전자기기,모니터,web,5,150000,0,point,false
ORD-002095,2026-03-05,CUST-0305,부산,생활용품,텀블러,store,5,15000,5000,card,true
ORD-002096,2026-03-05,CUST-0085,대구,식품,비타민음료,store,1,6000,5000,bank_transfer,false
ORD-002097,2026-03-05,CUST-0420,광주,전자기기,키보드,web,1,150000,2000,card,false
ORD-002098,2026-03-05,CUST-0323,인천,전자기기,모니터,store,2,25000,5000,point,false
ORD-002099,2026-03-05,CUST-0293,광주,전자기기,USB허브,store,2,25000,0,coupon,true
ORD-002100,2026-03-05,CUST-0258,대전,도서,클라우드입문,store,4,15000,0,point,true
ORD-002101,2026-03-05,CUST-0156,광주,스포츠,요가매트,web,5,12000,1000,bank_transfer,false
ORD-002102,2026-03-05,CUST-0293,대구,전자기기,모니터,store,5,79000,2000,point,false
ORD-002103,2026-03-05,CUST-0277,서울,생활용품,수납박스,mobile,1,15000,0,coupon,false
ORD-002104,2026-03-05,CUST-0289,서울,패션,가방,mobile,2,19000,0,coupon,false
ORD-002105,2026-03-05,CUST-0139,인천,전자기기,무선이어폰,web,5,45000,1000,coupon,true
ORD-002106,2026-03-05,CUST-0341,대전,식품,간편식,web,4,26000,2000,point,false
ORD-002107,2026-03-05,CUST-0133,인천,전자기기,USB허브,web,2,79000,5000,coupon,false
ORD-002108,2026-03-05,CUST-0329,경기,전자기기,마우스,web,1,150000,1000,coupon,true
ORD-002109,2026-03-05,CUST-0399,대구,패션,운동화,store,4,89000,0,coupon,false
ORD-002110,2026-03-05,CUST-0428,광주,도서,보안개론,mobile,5,15000,1000,coupon,false
ORD-002111,2026-03-05,CUST-0137,대구,식품,간편식,store,5,18000,1000,point,false
ORD-002112,2026-03-06,CUST-0053,대구,전자기기,모니터,web,2,25000,2000,bank_transfer,false
ORD-002113,2026-03-06,CUST-0065,서울,패션,운동화,store,3,129000,2000,bank_transfer,true
ORD-002114,2026-03-06,CUST-0071,부산,패션,가방,mobile,5,49000,0,coupon,false
ORD-002115,2026-03-06,CUST-0427,서울,도서,네트워크실습,web,4,15000,0,point,true
ORD-002116,2026-03-06,CUST-0184,대전,전자기기,키보드,store,5,25000,5000,bank_transfer,false
ORD-002117,2026-03-06,CUST-0369,대구,도서,네트워크실습,web,2,15000,0,point,false
ORD-002118,2026-03-06,CUST-0262,서울,도서,파이썬기초,mobile,3,15000,0,point,true
ORD-002119,2026-03-06,CUST-0254,경기,스포츠,요가매트,mobile,3,24000,0,card,false
ORD-002120,2026-03-06,CUST-0447,경기,식품,커피,store,3,26000,5000,point,false
ORD-002121,2026-03-06,CUST-0387,대전,패션,티셔츠,mobile,4,129000,0,card,false
ORD-002122,2026-03-06,CUST-0386,광주,식품,간편식,store,5,18000,2000,card,true
ORD-002123,2026-03-06,CUST-0050,부산,식품,커피,web,4,26000,2000,coupon,false
ORD-002124,2026-03-06,CUST-0095,대구,패션,가방,store,2,19000,0,coupon,true
ORD-002125,2026-03-06,CUST-0282,대구,패션,가방,mobile,5,49000,1000,coupon,true
ORD-002126,2026-03-06,CUST-0134,부산,식품,견과류,store,3,6000,0,card,true
ORD-002127,2026-03-06,CUST-0348,경기,전자기기,무선이어폰,web,2,320000,5000,coupon,true
ORD-002128,2026-03-06,CUST-0037,대구,패션,운동화,web,1,129000,0,coupon,false
ORD-002129,2026-03-06,CUST-0414,대구,스포츠,요가매트,web,5,24000,2000,coupon,true
ORD-002130,2026-03-06,CUST-0297,부산,패션,운동화,mobile,2,129000,0,point,true
ORD-002131,2026-03-06,CUST-0013,광주,식품,커피,store,4,26000,0,point,false
ORD-002132,2026-03-06,CUST-0472,대구,도서,보안개론,mobile,2,28000,0,point,false
ORD-002133,2026-03-06,CUST-0168,인천,스포츠,러닝벨트,mobile,4,59000,1000,point,false
ORD-002134,2026-03-06,CUST-0251,인천,도서,클라우드입문,mobile,3,28000,1000,point,false
ORD-002135,2026-03-06,CUST-0099,인천,식품,커피,store,3,26000,0,card,false
ORD-002136,2026-03-07,CUST-0402,경기,도서,파이썬기초,store,3,28000,1000,bank_transfer,false
ORD-002137,2026-03-07,CUST-0324,부산,생활용품,책상조명,store,1,23000,0,point,false
ORD-002138,2026-03-07,CUST-0061,경기,도서,클라우드입문,web,4,15000,0,point,false
ORD-002139,2026-03-07,CUST-0160,대구,도서,네트워크실습,web,4,35000,5000,point,false
ORD-002140,2026-03-07,CUST-0091,부산,식품,커피,store,1,26000,0,card,false
ORD-002141,2026-03-07,CUST-0328,대구,전자기기,마우스,web,3,320000,2000,card,true
ORD-002142,2026-03-07,CUST-0203,대구,식품,커피,store,4,6000,2000,coupon,true
ORD-002143,2026-03-07,CUST-0305,부산,식품,간편식,mobile,1,11000,0,card,true
ORD-002144,2026-03-07,CUST-0327,인천,패션,가방,mobile,4,49000,0,card,false
ORD-002145,2026-03-07,CUST-0129,경기,도서,클라우드입문,store,1,22000,0,coupon,true
ORD-002146,2026-03-07,CUST-0374,대구,패션,운동화,store,3,129000,5000,card,true
ORD-002147,2026-03-07,CUST-0090,부산,생활용품,책상조명,web,3,15000,0,card,true
ORD-002148,2026-03-07,CUST-0025,서울,스포츠,덤벨,store,3,39000,0,coupon,false
ORD-002149,2026-03-07,CUST-0174,대전,패션,자켓,web,3,89000,5000,bank_transfer,false
ORD-002150,2026-03-07,CUST-0147,인천,전자기기,무선이어폰,store,2,45000,0,coupon,false
ORD-002151,2026-03-07,CUST-0125,대전,스포츠,요가매트,mobile,4,59000,1000,bank_transfer,false
ORD-002152,2026-03-07,CUST-0195,대전,생활용품,텀블러,web,2,9000,2000,card,true
ORD-002153,2026-03-07,CUST-0311,인천,생활용품,책상조명,mobile,5,9000,0,bank_transfer,false
ORD-002154,2026-03-07,CUST-0312,인천,전자기기,마우스,web,2,79000,0,point,false
ORD-002155,2026-03-07,CUST-0435,경기,스포츠,덤벨,mobile,5,39000,0,card,false
ORD-002156,2026-03-07,CUST-0226,대구,전자기기,무선이어폰,store,1,320000,5000,point,false
ORD-002157,2026-03-07,CUST-0131,부산,식품,커피,store,3,26000,0,point,false
ORD-002158,2026-03-07,CUST-0420,광주,패션,자켓,mobile,1,129000,2000,card,false
ORD-002159,2026-03-07,CUST-0329,대전,생활용품,텀블러,store,5,37000,0,point,false
ORD-002160,2026-03-07,CUST-0263,대전,도서,클라우드입문,mobile,5,22000,1000,coupon,true
ORD-002161,2026-03-07,CUST-0162,대구,식품,비타민음료,store,5,11000,0,bank_transfer,false
ORD-002162,2026-03-07,CUST-0130,대구,생활용품,수납박스,web,4,23000,5000,card,false
ORD-002163,2026-03-07,CUST-0090,부산,전자기기,USB허브,web,4,320000,5000,bank_transfer,false
ORD-002164,2026-03-07,CUST-0122,광주,식품,간편식,web,2,26000,2000,bank_transfer,false
ORD-002165,2026-03-07,CUST-0484,광주,전자기기,USB허브,web,1,150000,1000,bank_transfer,false
ORD-002166,2026-03-07,CUST-0023,인천,식품,커피,web,2,11000,0,card,false
ORD-002167,2026-03-07,CUST-0355,광주,도서,파이썬기초,mobile,1,22000,0,coupon,false
ORD-002168,2026-03-07,CUST-0431,대전,생활용품,청소도구,store,1,9000,0,coupon,true
ORD-002169,2026-03-08,CUST-0097,부산,생활용품,수납박스,mobile,5,9000,0,card,false
ORD-002170,2026-03-08,CUST-0333,경기,패션,티셔츠,store,5,49000,0,card,false
ORD-002171,2026-03-08,CUST-0329,경기,식품,커피,web,3,26000,1000,point,true
ORD-002172,2026-03-08,CUST-0102,대전,패션,가방,web,1,89000,0,coupon,false
ORD-002173,2026-03-08,CUST-0488,대전,생활용품,텀블러,store,3,9000,0,coupon,false
ORD-002174,2026-03-08,CUST-0224,대구,생활용품,수납박스,store,1,23000,5000,coupon,false
ORD-002175,2026-03-08,CUST-0470,부산,생활용품,책상조명,mobile,1,9000,0,card,false
ORD-002176,2026-03-08,CUST-0278,부산,스포츠,요가매트,web,3,24000,0,coupon,false
ORD-002177,2026-03-08,CUST-0008,부산,식품,견과류,store,1,26000,2000,bank_transfer,true
ORD-002178,2026-03-08,CUST-0194,광주,생활용품,청소도구,store,3,15000,2000,coupon,false
ORD-002179,2026-03-08,CUST-0277,대구,도서,네트워크실습,store,1,35000,2000,card,false
ORD-002180,2026-03-08,CUST-0412,광주,생활용품,청소도구,mobile,3,9000,0,bank_transfer,false
ORD-002181,2026-03-08,CUST-0012,대전,패션,가방,store,5,19000,1000,bank_transfer,false
ORD-002182,2026-03-08,CUST-0233,인천,도서,클라우드입문,store,2,15000,1000,bank_transfer,false
ORD-002183,2026-03-08,CUST-0390,광주,생활용품,수납박스,mobile,1,23000,2000,bank_transfer,false
ORD-002184,2026-03-08,CUST-0498,서울,전자기기,모니터,mobile,3,79000,2000,coupon,false
ORD-002185,2026-03-08,CUST-0198,광주,생활용품,책상조명,web,2,9000,1000,card,false
ORD-002186,2026-03-08,CUST-0312,대전,전자기기,USB허브,store,2,320000,0,coupon,false
ORD-002187,2026-03-08,CUST-0309,대구,도서,네트워크실습,mobile,2,28000,0,card,false
ORD-002188,2026-03-08,CUST-0054,인천,생활용품,수납박스,store,3,23000,0,point,false
ORD-002189,2026-03-08,CUST-0223,인천,스포츠,운동밴드,store,4,39000,0,bank_transfer,false
ORD-002190,2026-03-08,CUST-0426,서울,전자기기,USB허브,store,2,45000,0,card,false
ORD-002191,2026-03-08,CUST-0210,부산,스포츠,요가매트,web,4,12000,0,coupon,false
ORD-002192,2026-03-08,CUST-0258,경기,도서,파이썬기초,store,3,22000,1000,point,false
ORD-002193,2026-03-08,CUST-0267,대전,스포츠,운동밴드,store,1,12000,0,bank_transfer,false
ORD-002194,2026-03-08,CUST-0215,서울,도서,보안개론,mobile,2,35000,0,point,false
ORD-002195,2026-03-08,CUST-0329,대전,전자기기,모니터,web,1,25000,0,card,true
ORD-002196,2026-03-08,CUST-0433,대구,전자기기,USB허브,web,1,79000,2000,card,false
ORD-002197,2026-03-08,CUST-0381,부산,패션,운동화,web,1,129000,5000,coupon,false
ORD-002198,2026-03-08,CUST-0237,서울,전자기기,USB허브,mobile,2,45000,0,point,false
ORD-002199,2026-03-08,CUST-0450,광주,스포츠,요가매트,store,4,12000,0,point,false
ORD-002200,2026-03-08,CUST-0409,광주,식품,견과류,store,2,18000,5000,coupon,false
ORD-002201,2026-03-08,CUST-0132,부산,생활용품,텀블러,mobile,3,37000,0,card,true
ORD-002202,2026-03-08,CUST-0416,광주,생활용품,수납박스,web,4,15000,0,bank_transfer,false
ORD-002203,2026-03-08,CUST-0079,부산,스포츠,요가매트,store,3,12000,0,coupon,false
ORD-002204,2026-03-08,CUST-0498,인천,도서,파이썬기초,store,4,15000,0,point,false
ORD-002205,2026-03-08,CUST-0272,서울,생활용품,책상조명,mobile,3,15000,0,point,false
ORD-002206,2026-03-08,CUST-0302,광주,식품,비타민음료,web,4,6000,1000,point,false
ORD-002207,2026-03-08,CUST-0196,인천,패션,운동화,store,2,89000,0,point,false
ORD-002208,2026-03-08,CUST-0229,인천,생활용품,텀블러,mobile,3,9000,0,point,false
ORD-002209,2026-03-08,CUST-0172,부산,스포츠,요가매트,web,3,59000,1000,point,true
ORD-002210,2026-03-08,CUST-0305,서울,생활용품,텀블러,store,5,15000,0,point,false
ORD-002211,2026-03-09,CUST-0375,서울,패션,티셔츠,store,4,19000,5000,card,false
ORD-002212,2026-03-09,CUST-0482,대구,도서,클라우드입문,web,1,15000,1000,card,true
ORD-002213,2026-03-09,CUST-0028,대전,도서,보안개론,store,4,28000,5000,bank_transfer,false
ORD-002214,2026-03-09,CUST-0162,인천,도서,클라우드입문,mobile,5,35000,0,card,false
ORD-002215,2026-03-09,CUST-0094,대구,스포츠,덤벨,mobile,1,12000,5000,point,false
ORD-002216,2026-03-09,CUST-0041,부산,전자기기,무선이어폰,web,4,45000,5000,point,false
ORD-002217,2026-03-09,CUST-0325,광주,도서,파이썬기초,mobile,5,28000,0,card,false
ORD-002218,2026-03-09,CUST-0361,경기,생활용품,책상조명,web,4,9000,0,coupon,false
ORD-002219,2026-03-09,CUST-0330,서울,식품,커피,web,5,18000,5000,card,false
ORD-002220,2026-03-09,CUST-0111,부산,전자기기,무선이어폰,store,3,150000,5000,card,true
ORD-002221,2026-03-09,CUST-0481,서울,도서,클라우드입문,web,3,15000,0,coupon,false
ORD-002222,2026-03-09,CUST-0278,부산,전자기기,USB허브,store,3,320000,0,card,false
ORD-002223,2026-03-09,CUST-0390,인천,도서,보안개론,web,5,22000,0,point,false
ORD-002224,2026-03-09,CUST-0037,서울,스포츠,운동밴드,web,1,24000,0,coupon,false
ORD-002225,2026-03-09,CUST-0483,인천,생활용품,수납박스,store,4,9000,2000,card,false
ORD-002226,2026-03-09,CUST-0023,인천,전자기기,USB허브,store,4,150000,1000,bank_transfer,false
ORD-002227,2026-03-09,CUST-0292,인천,생활용품,책상조명,mobile,2,15000,5000,point,false
ORD-002228,2026-03-09,CUST-0252,대구,식품,견과류,mobile,1,11000,0,bank_transfer,false
ORD-002229,2026-03-09,CUST-0425,서울,패션,자켓,web,2,19000,0,coupon,false
ORD-002230,2026-03-09,CUST-0095,부산,도서,네트워크실습,web,3,28000,0,coupon,false
ORD-002231,2026-03-09,CUST-0339,광주,식품,견과류,store,5,11000,0,bank_transfer,false
ORD-002232,2026-03-09,CUST-0008,대전,도서,파이썬기초,web,3,28000,0,card,false
ORD-002233,2026-03-09,CUST-0327,인천,스포츠,러닝벨트,store,3,12000,0,coupon,false
ORD-002234,2026-03-09,CUST-0046,대구,식품,견과류,mobile,1,11000,0,coupon,false
ORD-002235,2026-03-09,CUST-0491,대구,도서,파이썬기초,mobile,3,15000,5000,coupon,false
ORD-002236,2026-03-09,CUST-0395,대구,패션,운동화,mobile,2,19000,2000,bank_transfer,true
ORD-002237,2026-03-09,CUST-0409,서울,생활용품,수납박스,store,2,15000,1000,bank_transfer,false
ORD-002238,2026-03-09,CUST-0131,대구,생활용품,책상조명,mobile,5,23000,0,card,false
ORD-002239,2026-03-09,CUST-0411,부산,스포츠,덤벨,web,4,12000,0,bank_transfer,false
ORD-002240,2026-03-09,CUST-0051,대전,스포츠,요가매트,store,2,24000,1000,bank_transfer,false
ORD-002241,2026-03-09,CUST-0466,대구,전자기기,마우스,store,1,320000,2000,card,true
ORD-002242,2026-03-09,CUST-0258,대구,스포츠,운동밴드,web,4,12000,0,point,false
ORD-002243,2026-03-09,CUST-0354,대구,패션,티셔츠,web,5,89000,5000,card,false
ORD-002244,2026-03-09,CUST-0274,인천,생활용품,수납박스,store,3,9000,0,bank_transfer,false
ORD-002245,2026-03-09,CUST-0466,광주,전자기기,USB허브,mobile,5,150000,0,bank_transfer,true
ORD-002246,2026-03-09,CUST-0264,경기,식품,견과류,web,3,18000,0,coupon,false
ORD-002247,2026-03-09,CUST-0315,부산,도서,클라우드입문,store,2,15000,2000,bank_transfer,false
ORD-002248,2026-03-09,CUST-0046,부산,스포츠,덤벨,mobile,2,24000,0,coupon,false
ORD-002249,2026-03-09,CUST-0034,대구,패션,운동화,mobile,5,49000,5000,bank_transfer,false
ORD-002250,2026-03-09,CUST-0325,경기,스포츠,요가매트,web,1,24000,0,point,false
ORD-002251,2026-03-09,CUST-0255,부산,스포츠,덤벨,web,2,24000,0,card,false
ORD-002252,2026-03-09,CUST-0048,대구,도서,보안개론,mobile,1,22000,0,card,true
ORD-002253,2026-03-09,CUST-0177,대전,생활용품,책상조명,store,2,37000,0,bank_transfer,false
ORD-002254,2026-03-09,CUST-0050,광주,생활용품,청소도구,store,3,37000,1000,bank_transfer,true
ORD-002255,2026-03-10,CUST-0350,인천,전자기기,무선이어폰,store,5,45000,0,card,false
ORD-002256,2026-03-10,CUST-0299,대전,생활용품,책상조명,store,5,37000,0,bank_transfer,false
ORD-002257,2026-03-10,CUST-0421,부산,전자기기,무선이어폰,web,2,79000,5000,coupon,true
ORD-002258,2026-03-10,CUST-0481,서울,생활용품,텀블러,mobile,5,15000,0,coupon,false
ORD-002259,2026-03-10,CUST-0454,부산,전자기기,USB허브,mobile,3,25000,1000,coupon,true
ORD-002260,2026-03-10,CUST-0477,경기,생활용품,수납박스,web,2,37000,5000,coupon,false
ORD-002261,2026-03-10,CUST-0399,인천,패션,자켓,mobile,3,19000,2000,point,false
ORD-002262,2026-03-10,CUST-0351,부산,스포츠,요가매트,store,4,59000,1000,bank_transfer,false
ORD-002263,2026-03-10,CUST-0332,광주,스포츠,덤벨,mobile,3,59000,0,bank_transfer,false
ORD-002264,2026-03-10,CUST-0223,인천,생활용품,텀블러,web,2,15000,1000,card,false
ORD-002265,2026-03-10,CUST-0471,인천,패션,운동화,store,2,89000,1000,point,false
ORD-002266,2026-03-10,CUST-0436,광주,스포츠,운동밴드,store,2,39000,0,card,true
ORD-002267,2026-03-10,CUST-0328,경기,식품,비타민음료,store,5,6000,1000,point,false
ORD-002268,2026-03-10,CUST-0287,부산,스포츠,요가매트,web,3,59000,0,bank_transfer,false
ORD-002269,2026-03-10,CUST-0187,광주,스포츠,운동밴드,web,2,59000,0,bank_transfer,false
ORD-002270,2026-03-10,CUST-0040,서울,도서,보안개론,store,1,22000,5000,point,false
ORD-002271,2026-03-10,CUST-0190,인천,스포츠,러닝벨트,mobile,1,59000,0,coupon,false
ORD-002272,2026-03-10,CUST-0301,대전,스포츠,운동밴드,store,3,59000,1000,point,false
ORD-002273,2026-03-10,CUST-0190,광주,스포츠,운동밴드,mobile,3,24000,0,point,false
ORD-002274,2026-03-10,CUST-0464,부산,생활용품,청소도구,web,1,37000,1000,card,false
ORD-002275,2026-03-10,CUST-0358,서울,도서,보안개론,store,3,28000,0,point,true
ORD-002276,2026-03-10,CUST-0306,경기,식품,견과류,mobile,3,6000,0,point,false
ORD-002277,2026-03-10,CUST-0058,인천,식품,비타민음료,web,3,26000,1000,card,false
ORD-002278,2026-03-10,CUST-0061,부산,생활용품,책상조명,web,2,15000,0,coupon,true
ORD-002279,2026-03-11,CUST-0127,인천,패션,티셔츠,web,5,89000,2000,coupon,false
ORD-002280,2026-03-11,CUST-0232,광주,전자기기,마우스,mobile,3,79000,0,bank_transfer,false
ORD-002281,2026-03-11,CUST-0016,광주,스포츠,러닝벨트,store,1,24000,5000,card,false
ORD-002282,2026-03-11,CUST-0189,대전,생활용품,책상조명,store,2,15000,0,coupon,false
ORD-002283,2026-03-11,CUST-0186,인천,전자기기,USB허브,store,3,79000,0,point,false
ORD-002284,2026-03-11,CUST-0137,인천,스포츠,덤벨,store,5,59000,1000,coupon,false
ORD-002285,2026-03-11,CUST-0446,대전,전자기기,무선이어폰,store,2,150000,5000,card,false
ORD-002286,2026-03-11,CUST-0237,대구,스포츠,러닝벨트,web,2,39000,0,coupon,false
ORD-002287,2026-03-11,CUST-0002,서울,생활용품,책상조명,mobile,2,37000,0,card,false
ORD-002288,2026-03-11,CUST-0033,서울,스포츠,요가매트,mobile,2,39000,1000,point,true
ORD-002289,2026-03-11,CUST-0439,대전,스포츠,요가매트,web,1,12000,0,bank_transfer,false
ORD-002290,2026-03-11,CUST-0062,대구,전자기기,마우스,web,3,45000,1000,point,false
ORD-002291,2026-03-11,CUST-0254,경기,도서,클라우드입문,web,4,22000,2000,bank_transfer,false
ORD-002292,2026-03-11,CUST-0364,경기,전자기기,키보드,store,5,150000,0,coupon,false
ORD-002293,2026-03-11,CUST-0402,경기,도서,클라우드입문,mobile,5,22000,5000,bank_transfer,false
ORD-002294,2026-03-11,CUST-0087,경기,스포츠,운동밴드,store,2,39000,0,coupon,false
ORD-002295,2026-03-11,CUST-0437,대구,도서,파이썬기초,store,1,22000,0,bank_transfer,false
ORD-002296,2026-03-11,CUST-0045,광주,패션,운동화,mobile,2,49000,1000,card,false
ORD-002297,2026-03-11,CUST-0024,광주,생활용품,청소도구,web,1,9000,2000,coupon,false
ORD-002298,2026-03-11,CUST-0196,서울,식품,비타민음료,web,5,6000,0,card,false
ORD-002299,2026-03-11,CUST-0331,인천,생활용품,수납박스,store,4,15000,0,bank_transfer,false
ORD-002300,2026-03-11,CUST-0473,대전,식품,간편식,mobile,4,6000,5000,point,false
ORD-002301,2026-03-11,CUST-0068,경기,생활용품,청소도구,web,3,15000,1000,bank_transfer,false
ORD-002302,2026-03-12,CUST-0387,광주,도서,파이썬기초,mobile,5,22000,0,point,false
ORD-002303,2026-03-12,CUST-0208,서울,도서,보안개론,mobile,2,22000,0,bank_transfer,false
ORD-002304,2026-03-12,CUST-0461,대구,식품,견과류,web,3,11000,5000,coupon,false
ORD-002305,2026-03-12,CUST-0204,대전,도서,클라우드입문,mobile,5,15000,0,point,false
ORD-002306,2026-03-12,CUST-0118,인천,전자기기,키보드,store,4,25000,5000,point,false
ORD-002307,2026-03-12,CUST-0113,인천,전자기기,USB허브,mobile,2,79000,0,bank_transfer,false
ORD-002308,2026-03-12,CUST-0425,대전,생활용품,수납박스,mobile,4,23000,0,point,true
ORD-002309,2026-03-12,CUST-0186,부산,생활용품,수납박스,mobile,3,23000,1000,card,false
ORD-002310,2026-03-12,CUST-0037,서울,도서,클라우드입문,store,1,28000,1000,point,false
ORD-002311,2026-03-12,CUST-0296,대전,패션,가방,mobile,1,89000,2000,bank_transfer,false
ORD-002312,2026-03-12,CUST-0413,경기,식품,견과류,web,5,26000,1000,coupon,false
ORD-002313,2026-03-12,CUST-0500,경기,전자기기,키보드,store,3,25000,0,card,false
ORD-002314,2026-03-12,CUST-0077,부산,전자기기,USB허브,web,1,150000,0,bank_transfer,false
ORD-002315,2026-03-12,CUST-0273,광주,식품,간편식,store,5,26000,1000,coupon,false
ORD-002316,2026-03-12,CUST-0219,대구,생활용품,수납박스,mobile,2,37000,0,bank_transfer,false
ORD-002317,2026-03-12,CUST-0346,인천,전자기기,USB허브,web,2,45000,1000,coupon,false
ORD-002318,2026-03-12,CUST-0482,대전,패션,가방,store,3,129000,0,point,false
ORD-002319,2026-03-12,CUST-0097,서울,도서,클라우드입문,store,4,15000,0,point,false
ORD-002320,2026-03-12,CUST-0062,광주,도서,파이썬기초,web,2,15000,0,point,false
ORD-002321,2026-03-12,CUST-0289,대전,전자기기,마우스,mobile,4,150000,0,point,false
ORD-002322,2026-03-12,CUST-0496,광주,생활용품,수납박스,mobile,1,9000,0,coupon,false
ORD-002323,2026-03-12,CUST-0294,대구,패션,자켓,store,4,129000,1000,coupon,false
ORD-002324,2026-03-12,CUST-0219,대전,패션,티셔츠,web,2,129000,1000,point,false
ORD-002325,2026-03-12,CUST-0162,대전,패션,티셔츠,web,4,19000,0,coupon,false
ORD-002326,2026-03-12,CUST-0316,경기,도서,클라우드입문,mobile,3,35000,2000,coupon,false
ORD-002327,2026-03-12,CUST-0357,대구,전자기기,무선이어폰,web,3,320000,0,point,true
ORD-002328,2026-03-12,CUST-0092,부산,도서,클라우드입문,mobile,5,28000,1000,card,false
ORD-002329,2026-03-12,CUST-0219,부산,도서,파이썬기초,web,4,35000,5000,card,false
ORD-002330,2026-03-12,CUST-0473,부산,패션,자켓,mobile,5,89000,1000,coupon,false
ORD-002331,2026-03-12,CUST-0158,대전,도서,보안개론,mobile,3,28000,0,card,false
ORD-002332,2026-03-12,CUST-0126,인천,패션,티셔츠,store,5,129000,2000,bank_transfer,true
ORD-002333,2026-03-12,CUST-0116,광주,스포츠,운동밴드,mobile,5,39000,1000,coupon,false
ORD-002334,2026-03-12,CUST-0304,부산,패션,티셔츠,store,2,49000,0,coupon,false
ORD-002335,2026-03-12,CUST-0329,인천,도서,네트워크실습,store,5,22000,5000,point,true
ORD-002336,2026-03-12,CUST-0229,경기,전자기기,키보드,web,1,45000,0,bank_transfer,true
ORD-002337,2026-03-12,CUST-0461,인천,전자기기,모니터,store,4,25000,0,point,false
ORD-002338,2026-03-12,CUST-0410,광주,도서,보안개론,web,3,35000,0,bank_transfer,false
ORD-002339,2026-03-12,CUST-0291,대구,전자기기,키보드,mobile,1,25000,0,coupon,false
ORD-002340,2026-03-12,CUST-0422,서울,전자기기,키보드,web,2,320000,2000,point,false
ORD-002341,2026-03-12,CUST-0171,인천,전자기기,키보드,mobile,2,25000,5000,point,false
ORD-002342,2026-03-12,CUST-0322,대전,식품,비타민음료,mobile,3,11000,2000,card,false
ORD-002343,2026-03-12,CUST-0484,서울,식품,비타민음료,mobile,5,6000,2000,point,false
ORD-002344,2026-03-13,CUST-0114,서울,패션,운동화,web,3,89000,1000,bank_transfer,false
ORD-002345,2026-03-13,CUST-0098,인천,식품,견과류,mobile,2,6000,0,bank_transfer,false
ORD-002346,2026-03-13,CUST-0235,부산,스포츠,덤벨,web,2,12000,0,point,false
ORD-002347,2026-03-13,CUST-0340,대구,생활용품,텀블러,store,1,9000,0,coupon,false
ORD-002348,2026-03-13,CUST-0364,대전,식품,비타민음료,web,1,6000,2000,point,false
ORD-002349,2026-03-13,CUST-0225,부산,생활용품,수납박스,web,1,15000,5000,coupon,false
ORD-002350,2026-03-13,CUST-0030,경기,패션,운동화,web,3,19000,0,point,false
ORD-002351,2026-03-13,CUST-0217,대구,전자기기,키보드,mobile,5,45000,2000,bank_transfer,false
ORD-002352,2026-03-13,CUST-0267,경기,생활용품,책상조명,store,2,15000,0,bank_transfer,false
ORD-002353,2026-03-13,CUST-0294,서울,전자기기,키보드,web,2,25000,0,bank_transfer,false
ORD-002354,2026-03-13,CUST-0210,대구,전자기기,키보드,mobile,2,25000,0,card,false
ORD-002355,2026-03-13,CUST-0225,인천,스포츠,요가매트,mobile,4,59000,0,bank_transfer,false
ORD-002356,2026-03-13,CUST-0089,부산,생활용품,책상조명,store,2,23000,5000,point,false
ORD-002357,2026-03-13,CUST-0285,인천,도서,클라우드입문,mobile,2,15000,0,coupon,true
ORD-002358,2026-03-13,CUST-0024,경기,도서,파이썬기초,store,2,15000,0,point,false
ORD-002359,2026-03-13,CUST-0491,경기,생활용품,수납박스,store,1,9000,1000,bank_transfer,false
ORD-002360,2026-03-13,CUST-0470,인천,패션,티셔츠,mobile,1,89000,1000,coupon,false
ORD-002361,2026-03-13,CUST-0212,서울,스포츠,요가매트,store,4,59000,0,bank_transfer,false
ORD-002362,2026-03-13,CUST-0117,광주,패션,티셔츠,mobile,3,129000,5000,bank_transfer,true
ORD-002363,2026-03-13,CUST-0093,경기,스포츠,러닝벨트,mobile,3,24000,2000,card,false
ORD-002364,2026-03-13,CUST-0365,부산,식품,견과류,store,4,26000,2000,bank_transfer,false
ORD-002365,2026-03-13,CUST-0394,서울,도서,네트워크실습,web,2,22000,1000,card,true
ORD-002366,2026-03-13,CUST-0235,광주,도서,클라우드입문,web,1,15000,0,bank_transfer,true
ORD-002367,2026-03-13,CUST-0233,인천,스포츠,운동밴드,web,5,59000,0,coupon,false
ORD-002368,2026-03-13,CUST-0054,광주,패션,티셔츠,store,5,49000,0,point,false
ORD-002369,2026-03-13,CUST-0253,서울,스포츠,운동밴드,web,5,24000,0,bank_transfer,false
ORD-002370,2026-03-13,CUST-0286,대구,도서,네트워크실습,web,3,35000,0,bank_transfer,false
ORD-002371,2026-03-13,CUST-0193,경기,전자기기,마우스,mobile,2,79000,0,point,false
ORD-002372,2026-03-13,CUST-0355,광주,스포츠,운동밴드,web,2,59000,0,bank_transfer,false
ORD-002373,2026-03-13,CUST-0258,인천,패션,자켓,store,4,89000,0,coupon,false
ORD-002374,2026-03-13,CUST-0412,경기,식품,견과류,web,3,6000,1000,point,false
ORD-002375,2026-03-13,CUST-0098,인천,식품,비타민음료,store,1,18000,2000,coupon,false
ORD-002376,2026-03-13,CUST-0082,광주,생활용품,책상조명,store,4,15000,1000,point,false
ORD-002377,2026-03-13,CUST-0243,부산,생활용품,텀블러,web,2,23000,1000,bank_transfer,false
ORD-002378,2026-03-13,CUST-0179,광주,패션,운동화,web,4,19000,0,bank_transfer,false
ORD-002379,2026-03-13,CUST-0078,광주,식품,간편식,mobile,3,6000,2000,card,false
ORD-002380,2026-03-13,CUST-0303,부산,전자기기,마우스,mobile,2,150000,0,coupon,false
ORD-002381,2026-03-14,CUST-0089,인천,생활용품,텀블러,store,2,37000,5000,point,false
ORD-002382,2026-03-14,CUST-0172,대전,스포츠,덤벨,mobile,4,12000,1000,card,false
ORD-002383,2026-03-14,CUST-0115,대전,스포츠,운동밴드,store,2,12000,0,card,false
ORD-002384,2026-03-14,CUST-0033,인천,전자기기,마우스,store,5,320000,0,card,false
ORD-002385,2026-03-14,CUST-0384,부산,도서,파이썬기초,store,2,15000,0,card,false
ORD-002386,2026-03-14,CUST-0275,대구,스포츠,운동밴드,mobile,4,24000,2000,point,false
ORD-002387,2026-03-14,CUST-0135,광주,전자기기,무선이어폰,store,1,320000,2000,card,false
ORD-002388,2026-03-14,CUST-0022,인천,생활용품,책상조명,mobile,2,23000,5000,bank_transfer,false
ORD-002389,2026-03-14,CUST-0426,부산,식품,비타민음료,store,5,26000,1000,point,false
ORD-002390,2026-03-14,CUST-0397,대전,스포츠,러닝벨트,web,3,59000,1000,coupon,false
ORD-002391,2026-03-14,CUST-0058,광주,스포츠,덤벨,web,3,24000,5000,coupon,false
ORD-002392,2026-03-14,CUST-0157,대전,도서,파이썬기초,web,2,15000,0,card,false
ORD-002393,2026-03-14,CUST-0145,대전,패션,운동화,mobile,5,89000,0,card,false
ORD-002394,2026-03-14,CUST-0302,광주,전자기기,모니터,store,4,320000,0,point,false
ORD-002395,2026-03-14,CUST-0057,대전,식품,커피,store,5,11000,5000,card,false
ORD-002396,2026-03-14,CUST-0378,대전,전자기기,키보드,store,4,150000,1000,bank_transfer,false
ORD-002397,2026-03-14,CUST-0383,경기,스포츠,요가매트,store,1,12000,0,point,false
ORD-002398,2026-03-14,CUST-0324,서울,도서,네트워크실습,mobile,1,22000,0,bank_transfer,false
ORD-002399,2026-03-14,CUST-0479,부산,패션,운동화,store,5,49000,5000,bank_transfer,false
ORD-002400,2026-03-14,CUST-0274,대전,생활용품,텀블러,mobile,1,9000,1000,bank_transfer,false
ORD-002401,2026-03-14,CUST-0456,경기,생활용품,청소도구,store,2,15000,0,coupon,true
ORD-002402,2026-03-14,CUST-0259,부산,스포츠,덤벨,store,4,24000,1000,card,false
ORD-002403,2026-03-14,CUST-0127,대구,스포츠,러닝벨트,store,4,24000,1000,point,false
ORD-002404,2026-03-14,CUST-0406,경기,전자기기,무선이어폰,web,2,25000,0,bank_transfer,true
ORD-002405,2026-03-14,CUST-0179,경기,스포츠,덤벨,mobile,5,12000,2000,card,false
ORD-002406,2026-03-14,CUST-0253,대구,식품,비타민음료,web,1,18000,1000,card,false
ORD-002407,2026-03-14,CUST-0268,서울,생활용품,책상조명,store,1,15000,5000,point,true
ORD-002408,2026-03-15,CUST-0490,대구,전자기기,USB허브,web,4,45000,2000,coupon,false
ORD-002409,2026-03-15,CUST-0437,광주,식품,커피,store,5,18000,1000,bank_transfer,true
ORD-002410,2026-03-15,CUST-0367,인천,식품,견과류,store,4,18000,0,bank_transfer,false
ORD-002411,2026-03-15,CUST-0274,대구,스포츠,러닝벨트,web,3,59000,5000,point,false
ORD-002412,2026-03-15,CUST-0158,광주,식품,커피,store,3,11000,1000,bank_transfer,false
ORD-002413,2026-03-15,CUST-0322,대전,패션,자켓,web,5,49000,0,coupon,false
ORD-002414,2026-03-15,CUST-0228,부산,스포츠,운동밴드,store,5,24000,2000,coupon,false
ORD-002415,2026-03-15,CUST-0392,대구,도서,네트워크실습,store,5,35000,0,coupon,false
ORD-002416,2026-03-15,CUST-0158,대전,생활용품,수납박스,store,5,9000,2000,coupon,false
ORD-002417,2026-03-15,CUST-0489,광주,패션,자켓,web,4,89000,0,point,false
ORD-002418,2026-03-15,CUST-0266,대전,전자기기,모니터,mobile,2,150000,0,bank_transfer,false
ORD-002419,2026-03-15,CUST-0015,부산,생활용품,수납박스,mobile,3,37000,2000,point,true
ORD-002420,2026-03-15,CUST-0168,경기,전자기기,USB허브,web,5,45000,1000,card,false
ORD-002421,2026-03-15,CUST-0205,부산,도서,네트워크실습,store,4,22000,0,card,false
ORD-002422,2026-03-15,CUST-0184,광주,전자기기,USB허브,web,3,45000,2000,bank_transfer,false
ORD-002423,2026-03-15,CUST-0448,대전,전자기기,USB허브,web,5,320000,2000,point,false
ORD-002424,2026-03-15,CUST-0135,인천,생활용품,책상조명,store,5,15000,2000,card,false
ORD-002425,2026-03-15,CUST-0474,대구,식품,견과류,mobile,2,26000,0,card,false
ORD-002426,2026-03-15,CUST-0369,대구,전자기기,무선이어폰,store,1,45000,5000,coupon,false
ORD-002427,2026-03-15,CUST-0009,부산,전자기기,USB허브,mobile,3,320000,5000,point,false
ORD-002428,2026-03-15,CUST-0278,대전,전자기기,USB허브,mobile,5,79000,0,coupon,false
ORD-002429,2026-03-15,CUST-0272,대구,생활용품,수납박스,web,1,37000,5000,coupon,false
ORD-002430,2026-03-15,CUST-0219,부산,스포츠,요가매트,store,1,12000,5000,card,false
ORD-002431,2026-03-15,CUST-0068,광주,전자기기,키보드,store,3,79000,0,card,false
ORD-002432,2026-03-15,CUST-0463,대구,생활용품,청소도구,mobile,3,23000,1000,bank_transfer,true
ORD-002433,2026-03-15,CUST-0166,부산,패션,티셔츠,store,2,129000,0,coupon,false
ORD-002434,2026-03-15,CUST-0481,인천,생활용품,텀블러,web,4,23000,0,card,false
ORD-002435,2026-03-16,CUST-0226,인천,전자기기,마우스,web,2,45000,5000,point,false
ORD-002436,2026-03-16,CUST-0148,대전,생활용품,책상조명,mobile,4,37000,0,point,true
ORD-002437,2026-03-16,CUST-0435,인천,식품,간편식,web,3,26000,0,bank_transfer,false
ORD-002438,2026-03-16,CUST-0171,대전,패션,티셔츠,mobile,1,129000,0,bank_transfer,false
ORD-002439,2026-03-16,CUST-0202,경기,전자기기,키보드,store,1,320000,0,bank_transfer,false
ORD-002440,2026-03-16,CUST-0325,대구,전자기기,무선이어폰,mobile,2,150000,5000,bank_transfer,false
ORD-002441,2026-03-16,CUST-0165,대전,생활용품,책상조명,store,5,15000,0,point,true
ORD-002442,2026-03-16,CUST-0088,대전,식품,견과류,mobile,2,11000,2000,bank_transfer,false
ORD-002443,2026-03-16,CUST-0168,대구,스포츠,운동밴드,mobile,4,12000,0,card,true
ORD-002444,2026-03-16,CUST-0437,대전,생활용품,수납박스,web,3,9000,0,point,true
ORD-002445,2026-03-16,CUST-0138,대구,패션,티셔츠,web,4,89000,1000,point,false
ORD-002446,2026-03-16,CUST-0448,광주,스포츠,덤벨,store,2,39000,0,point,false
ORD-002447,2026-03-16,CUST-0360,인천,전자기기,모니터,store,3,25000,2000,coupon,false
ORD-002448,2026-03-16,CUST-0171,경기,도서,보안개론,mobile,5,28000,0,card,false
ORD-002449,2026-03-16,CUST-0043,인천,도서,파이썬기초,web,5,15000,0,bank_transfer,false
ORD-002450,2026-03-16,CUST-0260,광주,도서,파이썬기초,web,1,35000,2000,card,false
ORD-002451,2026-03-16,CUST-0005,부산,패션,운동화,store,5,129000,1000,coupon,false
ORD-002452,2026-03-16,CUST-0228,대전,도서,보안개론,mobile,3,15000,0,coupon,false
ORD-002453,2026-03-16,CUST-0026,서울,패션,운동화,store,2,89000,1000,card,true
ORD-002454,2026-03-16,CUST-0446,대구,패션,가방,mobile,2,129000,0,card,false
ORD-002455,2026-03-16,CUST-0415,대구,스포츠,러닝벨트,store,4,59000,0,card,true
ORD-002456,2026-03-16,CUST-0310,광주,패션,운동화,mobile,4,49000,0,coupon,true
ORD-002457,2026-03-16,CUST-0301,광주,스포츠,러닝벨트,store,3,39000,0,card,true
ORD-002458,2026-03-16,CUST-0284,부산,스포츠,요가매트,mobile,1,12000,2000,bank_transfer,true
ORD-002459,2026-03-16,CUST-0361,서울,식품,커피,store,3,11000,0,coupon,false
ORD-002460,2026-03-16,CUST-0200,부산,스포츠,운동밴드,store,2,39000,5000,point,false
ORD-002461,2026-03-16,CUST-0467,부산,식품,비타민음료,mobile,4,18000,0,point,true
ORD-002462,2026-03-16,CUST-0432,광주,스포츠,운동밴드,web,5,24000,5000,bank_transfer,false
ORD-002463,2026-03-16,CUST-0312,대전,도서,클라우드입문,store,5,35000,1000,card,true
ORD-002464,2026-03-16,CUST-0237,서울,도서,보안개론,mobile,5,22000,1000,point,false
ORD-002465,2026-03-16,CUST-0255,인천,패션,자켓,web,3,19000,0,coupon,false
ORD-002466,2026-03-16,CUST-0327,서울,식품,커피,web,2,6000,5000,point,false
ORD-002467,2026-03-16,CUST-0252,인천,생활용품,수납박스,store,5,9000,0,card,true
ORD-002468,2026-03-16,CUST-0337,인천,패션,자켓,store,1,19000,5000,bank_transfer,true
ORD-002469,2026-03-16,CUST-0162,경기,전자기기,모니터,store,5,150000,0,coupon,false
ORD-002470,2026-03-16,CUST-0382,광주,생활용품,텀블러,store,3,15000,0,card,false
ORD-002471,2026-03-16,CUST-0345,대구,스포츠,러닝벨트,web,3,12000,0,card,false
ORD-002472,2026-03-16,CUST-0128,인천,전자기기,USB허브,store,5,45000,0,bank_transfer,false
ORD-002473,2026-03-16,CUST-0179,서울,식품,비타민음료,web,2,18000,5000,coupon,false
ORD-002474,2026-03-17,CUST-0368,서울,식품,커피,web,5,18000,0,point,true
ORD-002475,2026-03-17,CUST-0106,대구,패션,티셔츠,web,3,49000,0,point,false
ORD-002476,2026-03-17,CUST-0469,대구,스포츠,러닝벨트,web,4,24000,1000,bank_transfer,false
ORD-002477,2026-03-17,CUST-0181,경기,스포츠,운동밴드,store,5,59000,0,card,false
ORD-002478,2026-03-17,CUST-0047,부산,스포츠,요가매트,store,5,39000,0,point,false
ORD-002479,2026-03-17,CUST-0123,광주,생활용품,텀블러,mobile,3,9000,1000,bank_transfer,false
ORD-002480,2026-03-17,CUST-0127,대구,패션,자켓,store,1,19000,1000,card,false
ORD-002481,2026-03-17,CUST-0234,서울,스포츠,덤벨,web,4,24000,1000,coupon,false
ORD-002482,2026-03-17,CUST-0152,경기,스포츠,러닝벨트,store,1,59000,0,card,false
ORD-002483,2026-03-17,CUST-0040,서울,생활용품,책상조명,web,1,23000,5000,coupon,false
ORD-002484,2026-03-17,CUST-0210,인천,패션,운동화,mobile,5,89000,5000,card,false
ORD-002485,2026-03-17,CUST-0280,서울,패션,티셔츠,web,2,19000,5000,coupon,true
ORD-002486,2026-03-17,CUST-0107,대구,도서,클라우드입문,web,2,28000,1000,card,false
ORD-002487,2026-03-17,CUST-0387,광주,패션,자켓,web,4,89000,0,point,true
ORD-002488,2026-03-17,CUST-0254,대구,도서,클라우드입문,mobile,5,35000,0,card,false
ORD-002489,2026-03-17,CUST-0481,광주,식품,간편식,store,5,11000,2000,coupon,false
ORD-002490,2026-03-17,CUST-0426,인천,패션,자켓,mobile,1,89000,5000,coupon,false
ORD-002491,2026-03-17,CUST-0011,대전,도서,네트워크실습,mobile,4,15000,0,card,false
ORD-002492,2026-03-17,CUST-0485,경기,전자기기,모니터,store,1,79000,0,card,false
ORD-002493,2026-03-17,CUST-0334,대전,식품,비타민음료,mobile,5,11000,1000,bank_transfer,false
ORD-002494,2026-03-17,CUST-0231,서울,스포츠,덤벨,mobile,4,24000,0,card,false
ORD-002495,2026-03-18,CUST-0099,광주,스포츠,요가매트,store,5,12000,0,coupon,false
ORD-002496,2026-03-18,CUST-0179,부산,전자기기,키보드,web,2,320000,1000,card,false
ORD-002497,2026-03-18,CUST-0018,대전,패션,티셔츠,store,2,49000,0,point,true
ORD-002498,2026-03-18,CUST-0034,서울,생활용품,청소도구,web,1,15000,0,coupon,false
ORD-002499,2026-03-18,CUST-0139,부산,스포츠,운동밴드,web,5,12000,0,card,false
ORD-002500,2026-03-18,CUST-0489,대전,전자기기,USB허브,web,5,150000,0,bank_transfer,false
ORD-002501,2026-03-18,CUST-0244,경기,패션,가방,store,5,19000,5000,coupon,true
ORD-002502,2026-03-18,CUST-0041,대구,패션,가방,mobile,2,49000,0,bank_transfer,false
ORD-002503,2026-03-18,CUST-0089,대구,도서,보안개론,web,3,15000,5000,card,false
ORD-002504,2026-03-18,CUST-0270,대구,식품,커피,web,2,6000,0,coupon,false
ORD-002505,2026-03-18,CUST-0205,대구,도서,클라우드입문,store,1,35000,0,bank_transfer,true
ORD-002506,2026-03-18,CUST-0400,인천,전자기기,키보드,web,1,25000,2000,coupon,false
ORD-002507,2026-03-18,CUST-0210,광주,생활용품,텀블러,store,5,9000,0,card,false
ORD-002508,2026-03-18,CUST-0016,서울,전자기기,마우스,web,4,150000,2000,coupon,false
ORD-002509,2026-03-18,CUST-0409,대구,도서,파이썬기초,web,5,28000,0,coupon,false
ORD-002510,2026-03-18,CUST-0048,서울,전자기기,키보드,web,4,25000,0,coupon,false
ORD-002511,2026-03-18,CUST-0254,경기,식품,커피,web,1,26000,5000,card,false
ORD-002512,2026-03-18,CUST-0406,서울,전자기기,마우스,mobile,3,79000,5000,card,false
ORD-002513,2026-03-18,CUST-0132,부산,식품,간편식,web,4,6000,0,coupon,false
ORD-002514,2026-03-18,CUST-0095,부산,전자기기,키보드,web,3,45000,0,card,false
ORD-002515,2026-03-18,CUST-0110,광주,스포츠,러닝벨트,mobile,2,12000,0,card,false
ORD-002516,2026-03-18,CUST-0409,인천,도서,클라우드입문,mobile,3,28000,5000,bank_transfer,false
ORD-002517,2026-03-18,CUST-0162,서울,생활용품,수납박스,web,2,15000,1000,bank_transfer,false
ORD-002518,2026-03-18,CUST-0369,광주,생활용품,청소도구,web,4,9000,2000,bank_transfer,false
ORD-002519,2026-03-18,CUST-0058,대구,패션,자켓,web,5,89000,2000,bank_transfer,false
ORD-002520,2026-03-18,CUST-0298,인천,전자기기,무선이어폰,web,1,320000,0,bank_transfer,true
ORD-002521,2026-03-18,CUST-0131,대구,생활용품,청소도구,store,5,23000,2000,coupon,false
ORD-002522,2026-03-19,CUST-0031,서울,식품,비타민음료,store,2,11000,1000,point,false
ORD-002523,2026-03-19,CUST-0225,인천,패션,가방,store,1,89000,2000,card,false
ORD-002524,2026-03-19,CUST-0434,광주,식품,커피,web,4,6000,0,card,true
ORD-002525,2026-03-19,CUST-0378,대전,생활용품,책상조명,store,1,9000,1000,bank_transfer,true
ORD-002526,2026-03-19,CUST-0277,부산,생활용품,텀블러,store,3,15000,0,coupon,false
ORD-002527,2026-03-19,CUST-0115,광주,패션,가방,store,5,19000,0,coupon,false
ORD-002528,2026-03-19,CUST-0087,서울,패션,자켓,web,2,129000,0,bank_transfer,false
ORD-002529,2026-03-19,CUST-0001,경기,스포츠,러닝벨트,web,1,24000,0,card,false
ORD-002530,2026-03-19,CUST-0128,인천,전자기기,무선이어폰,mobile,5,25000,2000,coupon,false
ORD-002531,2026-03-19,CUST-0265,광주,생활용품,텀블러,store,5,9000,0,card,false
ORD-002532,2026-03-19,CUST-0297,인천,전자기기,마우스,web,4,25000,0,coupon,false
ORD-002533,2026-03-19,CUST-0104,대구,식품,간편식,store,2,11000,5000,coupon,false
ORD-002534,2026-03-19,CUST-0154,광주,스포츠,요가매트,web,1,59000,2000,coupon,false
ORD-002535,2026-03-19,CUST-0012,광주,생활용품,책상조명,store,2,37000,0,point,false
ORD-002536,2026-03-19,CUST-0371,인천,스포츠,덤벨,web,4,24000,0,coupon,false
ORD-002537,2026-03-19,CUST-0340,광주,전자기기,무선이어폰,store,1,320000,0,point,false
ORD-002538,2026-03-19,CUST-0493,인천,스포츠,운동밴드,mobile,5,39000,0,bank_transfer,true
ORD-002539,2026-03-19,CUST-0105,부산,전자기기,키보드,web,1,79000,0,point,false
ORD-002540,2026-03-19,CUST-0484,광주,생활용품,청소도구,store,4,9000,0,point,false
ORD-002541,2026-03-19,CUST-0367,서울,패션,자켓,web,4,129000,1000,card,false
ORD-002542,2026-03-19,CUST-0467,서울,식품,간편식,store,1,18000,0,bank_transfer,true
ORD-002543,2026-03-19,CUST-0077,대구,도서,파이썬기초,web,5,35000,0,card,false
ORD-002544,2026-03-19,CUST-0464,경기,식품,견과류,mobile,4,6000,0,bank_transfer,false
ORD-002545,2026-03-19,CUST-0177,대구,패션,운동화,web,3,129000,0,card,false
ORD-002546,2026-03-19,CUST-0487,경기,패션,티셔츠,store,5,49000,0,point,true
ORD-002547,2026-03-19,CUST-0403,대전,전자기기,USB허브,mobile,4,25000,0,point,false
ORD-002548,2026-03-19,CUST-0032,대구,식품,커피,store,4,18000,0,bank_transfer,false
ORD-002549,2026-03-19,CUST-0028,서울,도서,클라우드입문,web,4,28000,1000,bank_transfer,false
ORD-002550,2026-03-19,CUST-0371,대전,식품,간편식,web,1,26000,0,bank_transfer,false
ORD-002551,2026-03-19,CUST-0016,대전,도서,네트워크실습,mobile,3,15000,0,point,false
ORD-002552,2026-03-19,CUST-0490,인천,전자기기,모니터,store,4,150000,0,point,false
ORD-002553,2026-03-19,CUST-0458,경기,패션,가방,mobile,3,19000,5000,coupon,false
ORD-002554,2026-03-19,CUST-0046,부산,도서,보안개론,web,1,35000,0,card,true
ORD-002555,2026-03-19,CUST-0133,경기,패션,가방,mobile,3,49000,1000,coupon,false
ORD-002556,2026-03-19,CUST-0482,부산,전자기기,모니터,web,5,150000,0,bank_transfer,false
ORD-002557,2026-03-19,CUST-0201,인천,생활용품,텀블러,mobile,4,37000,0,coupon,true
ORD-002558,2026-03-19,CUST-0490,광주,패션,가방,mobile,2,49000,0,coupon,false
ORD-002559,2026-03-19,CUST-0240,인천,식품,비타민음료,web,5,18000,0,bank_transfer,false
ORD-002560,2026-03-19,CUST-0212,서울,식품,커피,store,3,11000,0,point,false
ORD-002561,2026-03-19,CUST-0161,인천,식품,비타민음료,mobile,2,18000,0,bank_transfer,false
ORD-002562,2026-03-19,CUST-0281,경기,패션,티셔츠,web,4,89000,5000,bank_transfer,false
ORD-002563,2026-03-19,CUST-0084,부산,전자기기,마우스,mobile,3,150000,2000,bank_transfer,false
ORD-002564,2026-03-19,CUST-0393,서울,전자기기,모니터,web,3,79000,5000,coupon,false
ORD-002565,2026-03-19,CUST-0439,대전,도서,클라우드입문,mobile,4,22000,0,bank_transfer,false
ORD-002566,2026-03-19,CUST-0448,인천,패션,운동화,store,5,89000,0,bank_transfer,true
ORD-002567,2026-03-20,CUST-0275,서울,전자기기,USB허브,mobile,3,320000,2000,coupon,false
ORD-002568,2026-03-20,CUST-0094,서울,패션,티셔츠,web,1,89000,0,point,false
ORD-002569,2026-03-20,CUST-0127,인천,패션,운동화,web,1,89000,5000,card,false
ORD-002570,2026-03-20,CUST-0218,서울,스포츠,러닝벨트,web,3,12000,2000,coupon,true
ORD-002571,2026-03-20,CUST-0084,서울,도서,클라우드입문,store,1,35000,0,bank_transfer,false
ORD-002572,2026-03-20,CUST-0310,서울,전자기기,USB허브,web,5,150000,2000,card,true
ORD-002573,2026-03-20,CUST-0417,서울,패션,티셔츠,web,2,19000,0,card,false
ORD-002574,2026-03-20,CUST-0213,서울,스포츠,러닝벨트,store,5,12000,1000,card,true
ORD-002575,2026-03-20,CUST-0385,서울,스포츠,러닝벨트,store,3,24000,5000,point,true
ORD-002576,2026-03-20,CUST-0445,부산,전자기기,USB허브,web,4,79000,2000,card,false
ORD-002577,2026-03-20,CUST-0272,경기,전자기기,키보드,store,3,150000,0,card,false
ORD-002578,2026-03-20,CUST-0268,대전,전자기기,모니터,web,5,45000,2000,coupon,false
ORD-002579,2026-03-20,CUST-0485,대구,도서,네트워크실습,web,2,15000,1000,coupon,false
ORD-002580,2026-03-20,CUST-0500,인천,전자기기,USB허브,web,1,320000,2000,bank_transfer,false
ORD-002581,2026-03-20,CUST-0275,경기,도서,네트워크실습,mobile,4,28000,1000,point,false
ORD-002582,2026-03-20,CUST-0461,서울,도서,클라우드입문,web,4,35000,2000,point,false
ORD-002583,2026-03-20,CUST-0017,서울,식품,커피,web,3,18000,1000,point,true
ORD-002584,2026-03-20,CUST-0494,경기,스포츠,운동밴드,web,2,24000,0,card,false
ORD-002585,2026-03-20,CUST-0283,부산,생활용품,수납박스,mobile,5,37000,5000,point,false
ORD-002586,2026-03-20,CUST-0034,대구,생활용품,청소도구,store,4,9000,1000,card,false
ORD-002587,2026-03-20,CUST-0377,서울,도서,보안개론,mobile,1,22000,0,point,false
ORD-002588,2026-03-20,CUST-0112,경기,도서,네트워크실습,mobile,1,15000,1000,card,false
ORD-002589,2026-03-20,CUST-0318,광주,스포츠,운동밴드,web,3,24000,0,bank_transfer,false
ORD-002590,2026-03-20,CUST-0155,서울,패션,자켓,store,2,19000,0,coupon,false
ORD-002591,2026-03-20,CUST-0076,서울,식품,커피,mobile,3,6000,0,card,false
ORD-002592,2026-03-20,CUST-0207,대전,생활용품,청소도구,web,5,23000,1000,bank_transfer,false
ORD-002593,2026-03-20,CUST-0048,서울,스포츠,운동밴드,mobile,3,24000,2000,card,false
ORD-002594,2026-03-20,CUST-0252,광주,전자기기,마우스,store,4,150000,0,coupon,false
ORD-002595,2026-03-20,CUST-0165,대전,전자기기,마우스,web,2,150000,2000,bank_transfer,false
ORD-002596,2026-03-20,CUST-0069,경기,식품,커피,store,4,26000,0,point,false
ORD-002597,2026-03-20,CUST-0080,대구,식품,비타민음료,store,3,6000,0,card,false
ORD-002598,2026-03-20,CUST-0010,경기,스포츠,러닝벨트,mobile,2,24000,5000,point,false
ORD-002599,2026-03-20,CUST-0073,서울,생활용품,책상조명,mobile,4,23000,1000,card,false
ORD-002600,2026-03-20,CUST-0424,광주,생활용품,수납박스,mobile,4,9000,0,card,false
ORD-002601,2026-03-20,CUST-0247,대전,패션,가방,store,4,89000,2000,card,false
ORD-002602,2026-03-20,CUST-0272,서울,도서,클라우드입문,web,3,35000,0,coupon,false
ORD-002603,2026-03-20,CUST-0344,경기,패션,티셔츠,mobile,5,89000,0,card,false
ORD-002604,2026-03-20,CUST-0207,경기,도서,파이썬기초,mobile,3,28000,1000,bank_transfer,true
ORD-002605,2026-03-20,CUST-0129,경기,식품,견과류,web,4,6000,1000,coupon,false
ORD-002606,2026-03-20,CUST-0441,인천,스포츠,러닝벨트,store,2,24000,1000,bank_transfer,false
ORD-002607,2026-03-20,CUST-0184,광주,패션,운동화,web,4,129000,1000,bank_transfer,false
ORD-002608,2026-03-20,CUST-0459,대전,식품,비타민음료,store,5,26000,0,card,false
ORD-002609,2026-03-20,CUST-0400,부산,패션,가방,web,2,49000,0,point,false
ORD-002610,2026-03-21,CUST-0215,대전,패션,티셔츠,web,4,49000,0,point,true
ORD-002611,2026-03-21,CUST-0099,대전,식품,비타민음료,store,3,26000,0,point,false
ORD-002612,2026-03-21,CUST-0452,대구,생활용품,청소도구,mobile,4,9000,2000,point,true
ORD-002613,2026-03-21,CUST-0361,인천,패션,자켓,web,4,49000,0,bank_transfer,true
ORD-002614,2026-03-21,CUST-0441,대구,식품,견과류,store,2,11000,1000,bank_transfer,false
ORD-002615,2026-03-21,CUST-0090,대전,생활용품,텀블러,web,1,15000,5000,coupon,false
ORD-002616,2026-03-21,CUST-0219,광주,전자기기,무선이어폰,web,4,25000,0,coupon,false
ORD-002617,2026-03-21,CUST-0316,광주,전자기기,모니터,mobile,1,45000,0,card,false
ORD-002618,2026-03-21,CUST-0017,부산,패션,자켓,web,5,129000,2000,card,false
ORD-002619,2026-03-21,CUST-0016,경기,생활용품,수납박스,store,5,15000,0,coupon,false
ORD-002620,2026-03-21,CUST-0138,대구,식품,커피,web,3,6000,0,card,false
ORD-002621,2026-03-21,CUST-0472,경기,생활용품,수납박스,web,4,9000,1000,coupon,false
ORD-002622,2026-03-21,CUST-0482,서울,도서,네트워크실습,mobile,3,15000,5000,bank_transfer,false
ORD-002623,2026-03-21,CUST-0470,부산,도서,파이썬기초,mobile,4,35000,0,bank_transfer,false
ORD-002624,2026-03-21,CUST-0222,경기,전자기기,모니터,store,5,45000,0,card,false
ORD-002625,2026-03-21,CUST-0032,경기,식품,간편식,mobile,4,6000,0,point,false
ORD-002626,2026-03-21,CUST-0237,대전,전자기기,USB허브,web,5,45000,0,coupon,false
ORD-002627,2026-03-21,CUST-0114,부산,도서,클라우드입문,store,5,22000,0,card,false
ORD-002628,2026-03-21,CUST-0232,대구,패션,가방,store,2,19000,1000,point,false
ORD-002629,2026-03-21,CUST-0183,경기,도서,네트워크실습,store,5,22000,5000,coupon,false
ORD-002630,2026-03-22,CUST-0259,인천,식품,견과류,store,4,6000,5000,coupon,false
ORD-002631,2026-03-22,CUST-0434,인천,패션,티셔츠,web,4,129000,0,bank_transfer,false
ORD-002632,2026-03-22,CUST-0305,서울,전자기기,USB허브,web,1,25000,2000,bank_transfer,false
ORD-002633,2026-03-22,CUST-0144,부산,전자기기,마우스,store,2,79000,2000,card,false
ORD-002634,2026-03-22,CUST-0127,경기,식품,간편식,web,2,11000,0,card,false
ORD-002635,2026-03-22,CUST-0415,부산,도서,파이썬기초,store,1,28000,0,point,false
ORD-002636,2026-03-22,CUST-0173,부산,패션,티셔츠,mobile,5,19000,5000,card,false
ORD-002637,2026-03-22,CUST-0387,인천,도서,네트워크실습,web,2,28000,2000,bank_transfer,false
ORD-002638,2026-03-22,CUST-0219,경기,도서,보안개론,web,4,22000,0,card,true
ORD-002639,2026-03-22,CUST-0047,경기,패션,운동화,store,2,19000,0,card,false
ORD-002640,2026-03-22,CUST-0315,경기,생활용품,책상조명,web,3,37000,2000,card,true
ORD-002641,2026-03-22,CUST-0247,대구,도서,파이썬기초,mobile,4,35000,0,point,false
ORD-002642,2026-03-22,CUST-0305,인천,패션,운동화,mobile,1,19000,1000,card,false
ORD-002643,2026-03-22,CUST-0301,경기,식품,간편식,web,3,26000,2000,coupon,false
ORD-002644,2026-03-22,CUST-0119,대전,생활용품,수납박스,mobile,1,15000,1000,bank_transfer,false
ORD-002645,2026-03-22,CUST-0323,대구,생활용품,책상조명,mobile,3,37000,0,coupon,true
ORD-002646,2026-03-22,CUST-0230,인천,전자기기,키보드,web,5,25000,1000,card,false
ORD-002647,2026-03-22,CUST-0463,부산,전자기기,USB허브,mobile,2,320000,5000,bank_transfer,true
ORD-002648,2026-03-22,CUST-0033,부산,패션,티셔츠,store,2,49000,5000,bank_transfer,false
ORD-002649,2026-03-22,CUST-0108,대전,패션,자켓,web,3,19000,0,card,false
ORD-002650,2026-03-22,CUST-0265,인천,식품,커피,mobile,2,18000,5000,coupon,false
ORD-002651,2026-03-22,CUST-0499,경기,식품,비타민음료,mobile,3,11000,1000,point,true
ORD-002652,2026-03-22,CUST-0363,인천,도서,파이썬기초,mobile,5,15000,2000,point,false
ORD-002653,2026-03-22,CUST-0248,대구,스포츠,요가매트,web,1,24000,0,coupon,true
ORD-002654,2026-03-22,CUST-0302,광주,생활용품,청소도구,store,2,15000,0,coupon,false
ORD-002655,2026-03-22,CUST-0175,대구,패션,티셔츠,store,5,89000,0,point,false
ORD-002656,2026-03-22,CUST-0403,인천,생활용품,책상조명,mobile,5,9000,0,bank_transfer,true
ORD-002657,2026-03-22,CUST-0070,대구,스포츠,덤벨,web,4,39000,5000,card,false
ORD-002658,2026-03-23,CUST-0399,경기,식품,견과류,mobile,4,26000,0,point,true
ORD-002659,2026-03-23,CUST-0087,광주,도서,보안개론,web,1,28000,2000,bank_transfer,false
ORD-002660,2026-03-23,CUST-0181,대전,도서,보안개론,store,1,15000,2000,coupon,false
ORD-002661,2026-03-23,CUST-0097,광주,도서,보안개론,mobile,2,35000,2000,bank_transfer,false
ORD-002662,2026-03-23,CUST-0473,부산,스포츠,요가매트,web,2,12000,0,point,false
ORD-002663,2026-03-23,CUST-0202,경기,식품,간편식,store,1,6000,2000,coupon,false
ORD-002664,2026-03-23,CUST-0471,인천,전자기기,키보드,mobile,4,150000,0,card,false
ORD-002665,2026-03-23,CUST-0245,인천,식품,견과류,mobile,2,26000,0,card,false
ORD-002666,2026-03-23,CUST-0295,경기,전자기기,키보드,web,1,320000,0,point,false
ORD-002667,2026-03-23,CUST-0048,서울,도서,파이썬기초,store,2,22000,0,bank_transfer,false
ORD-002668,2026-03-23,CUST-0074,대구,생활용품,수납박스,mobile,4,9000,0,card,true
ORD-002669,2026-03-23,CUST-0426,인천,패션,가방,web,4,89000,0,coupon,false
ORD-002670,2026-03-23,CUST-0366,부산,생활용품,텀블러,web,3,37000,0,card,true
ORD-002671,2026-03-23,CUST-0139,대구,식품,견과류,web,4,11000,0,coupon,false
ORD-002672,2026-03-23,CUST-0403,대구,생활용품,텀블러,web,1,15000,0,card,false
ORD-002673,2026-03-23,CUST-0071,경기,스포츠,운동밴드,store,1,39000,1000,card,false
ORD-002674,2026-03-23,CUST-0236,경기,생활용품,책상조명,mobile,3,23000,0,coupon,false
ORD-002675,2026-03-23,CUST-0217,인천,스포츠,러닝벨트,store,4,39000,1000,bank_transfer,false
ORD-002676,2026-03-23,CUST-0451,대구,패션,자켓,web,5,49000,0,coupon,false
ORD-002677,2026-03-23,CUST-0011,서울,패션,자켓,mobile,5,19000,2000,bank_transfer,false
ORD-002678,2026-03-23,CUST-0287,경기,도서,보안개론,mobile,1,22000,0,point,false
ORD-002679,2026-03-23,CUST-0138,부산,패션,자켓,mobile,4,19000,0,point,false
ORD-002680,2026-03-23,CUST-0085,부산,도서,네트워크실습,mobile,4,28000,2000,point,false
ORD-002681,2026-03-23,CUST-0291,서울,스포츠,덤벨,mobile,2,59000,1000,coupon,true
ORD-002682,2026-03-23,CUST-0491,서울,도서,파이썬기초,store,3,35000,0,point,false
ORD-002683,2026-03-23,CUST-0090,서울,도서,보안개론,mobile,4,28000,5000,point,false
ORD-002684,2026-03-23,CUST-0245,광주,도서,보안개론,web,1,15000,2000,point,false
ORD-002685,2026-03-23,CUST-0378,서울,스포츠,러닝벨트,mobile,3,12000,1000,bank_transfer,false
ORD-002686,2026-03-23,CUST-0203,대전,생활용품,책상조명,mobile,2,23000,1000,card,false
ORD-002687,2026-03-23,CUST-0435,대구,식품,비타민음료,web,4,18000,0,coupon,false
ORD-002688,2026-03-23,CUST-0452,대전,도서,네트워크실습,web,3,15000,5000,point,false
ORD-002689,2026-03-23,CUST-0474,대전,식품,커피,web,2,6000,1000,card,false
ORD-002690,2026-03-23,CUST-0333,인천,전자기기,USB허브,store,3,79000,0,coupon,false
ORD-002691,2026-03-23,CUST-0018,부산,전자기기,마우스,web,3,45000,1000,bank_transfer,false
ORD-002692,2026-03-23,CUST-0261,경기,스포츠,덤벨,web,3,59000,1000,card,true
ORD-002693,2026-03-23,CUST-0242,대전,생활용품,청소도구,web,2,37000,0,bank_transfer,false
ORD-002694,2026-03-23,CUST-0329,부산,도서,파이썬기초,web,4,35000,1000,card,true
ORD-002695,2026-03-23,CUST-0390,부산,식품,비타민음료,store,3,26000,0,card,true
ORD-002696,2026-03-23,CUST-0156,대전,생활용품,청소도구,web,5,15000,1000,coupon,false
ORD-002697,2026-03-23,CUST-0293,경기,생활용품,수납박스,web,3,23000,0,card,false
ORD-002698,2026-03-23,CUST-0217,인천,스포츠,러닝벨트,store,3,12000,5000,card,true
ORD-002699,2026-03-23,CUST-0106,경기,식품,비타민음료,web,1,26000,1000,card,false
ORD-002700,2026-03-23,CUST-0298,경기,생활용품,텀블러,store,4,9000,0,card,true
ORD-002701,2026-03-24,CUST-0215,대전,식품,간편식,mobile,1,26000,2000,bank_transfer,false
ORD-002702,2026-03-24,CUST-0274,대구,도서,네트워크실습,mobile,4,15000,5000,point,false
ORD-002703,2026-03-24,CUST-0368,대전,도서,네트워크실습,store,2,28000,0,bank_transfer,false
ORD-002704,2026-03-24,CUST-0355,서울,전자기기,키보드,web,3,79000,5000,point,true
ORD-002705,2026-03-24,CUST-0092,서울,패션,가방,store,1,129000,1000,point,true
ORD-002706,2026-03-24,CUST-0311,광주,식품,비타민음료,web,1,11000,0,point,false
ORD-002707,2026-03-24,CUST-0401,인천,도서,보안개론,store,1,22000,5000,card,false
ORD-002708,2026-03-24,CUST-0198,대전,생활용품,수납박스,mobile,4,37000,2000,point,false
ORD-002709,2026-03-24,CUST-0297,인천,스포츠,덤벨,web,3,12000,5000,card,true
ORD-002710,2026-03-24,CUST-0001,경기,생활용품,책상조명,mobile,5,15000,0,card,false
ORD-002711,2026-03-24,CUST-0323,부산,전자기기,모니터,web,5,25000,0,coupon,false
ORD-002712,2026-03-24,CUST-0017,광주,전자기기,키보드,store,5,25000,5000,card,true
ORD-002713,2026-03-24,CUST-0308,대구,생활용품,텀블러,store,2,37000,2000,bank_transfer,false
ORD-002714,2026-03-24,CUST-0339,인천,스포츠,운동밴드,web,5,39000,0,coupon,false
ORD-002715,2026-03-24,CUST-0046,서울,도서,보안개론,mobile,4,22000,5000,card,false
ORD-002716,2026-03-24,CUST-0208,대구,생활용품,수납박스,web,1,37000,0,card,false
ORD-002717,2026-03-24,CUST-0062,대구,식품,커피,web,1,11000,0,bank_transfer,true
ORD-002718,2026-03-24,CUST-0167,인천,생활용품,텀블러,store,3,23000,0,coupon,false
ORD-002719,2026-03-24,CUST-0461,서울,스포츠,덤벨,web,3,39000,2000,bank_transfer,false
ORD-002720,2026-03-24,CUST-0111,대구,전자기기,마우스,store,3,45000,0,card,false
ORD-002721,2026-03-24,CUST-0128,서울,식품,커피,web,2,11000,1000,point,false
ORD-002722,2026-03-24,CUST-0193,대전,식품,비타민음료,mobile,1,26000,0,card,true
ORD-002723,2026-03-24,CUST-0433,인천,도서,보안개론,store,4,22000,0,point,false
ORD-002724,2026-03-24,CUST-0131,광주,전자기기,마우스,web,2,79000,5000,coupon,false
ORD-002725,2026-03-24,CUST-0431,광주,패션,자켓,store,2,19000,1000,bank_transfer,false
ORD-002726,2026-03-24,CUST-0266,부산,전자기기,마우스,mobile,4,320000,1000,coupon,false
ORD-002727,2026-03-24,CUST-0020,대구,생활용품,텀블러,mobile,2,15000,0,coupon,false
ORD-002728,2026-03-24,CUST-0191,광주,식품,비타민음료,mobile,5,18000,0,coupon,false
ORD-002729,2026-03-24,CUST-0310,광주,스포츠,덤벨,mobile,1,24000,0,bank_transfer,false
ORD-002730,2026-03-24,CUST-0204,서울,도서,네트워크실습,mobile,1,22000,1000,coupon,false
ORD-002731,2026-03-24,CUST-0466,광주,도서,파이썬기초,store,4,28000,2000,bank_transfer,true
ORD-002732,2026-03-24,CUST-0443,대구,식품,간편식,store,3,11000,2000,coupon,false
ORD-002733,2026-03-24,CUST-0470,인천,스포츠,러닝벨트,mobile,5,59000,0,card,false
ORD-002734,2026-03-24,CUST-0026,광주,패션,티셔츠,mobile,3,49000,2000,bank_transfer,false
ORD-002735,2026-03-24,CUST-0500,인천,전자기기,마우스,store,5,45000,2000,card,false
ORD-002736,2026-03-24,CUST-0460,서울,도서,파이썬기초,mobile,1,35000,0,point,false
ORD-002737,2026-03-24,CUST-0490,인천,전자기기,모니터,mobile,2,150000,2000,bank_transfer,false
ORD-002738,2026-03-24,CUST-0061,서울,전자기기,마우스,web,1,320000,0,coupon,false
ORD-002739,2026-03-24,CUST-0314,광주,패션,운동화,mobile,2,129000,0,point,true
ORD-002740,2026-03-24,CUST-0152,서울,스포츠,러닝벨트,mobile,2,39000,5000,bank_transfer,false
ORD-002741,2026-03-24,CUST-0016,광주,전자기기,USB허브,mobile,2,45000,0,coupon,false
ORD-002742,2026-03-25,CUST-0065,광주,식품,커피,store,5,18000,2000,card,false
ORD-002743,2026-03-25,CUST-0044,대구,스포츠,운동밴드,store,5,59000,0,point,false
ORD-002744,2026-03-25,CUST-0052,광주,도서,클라우드입문,mobile,5,35000,1000,point,false
ORD-002745,2026-03-25,CUST-0408,부산,생활용품,텀블러,mobile,1,23000,0,point,false
ORD-002746,2026-03-25,CUST-0247,대전,전자기기,키보드,store,2,79000,0,point,false
ORD-002747,2026-03-25,CUST-0254,경기,생활용품,수납박스,store,1,9000,1000,bank_transfer,false
ORD-002748,2026-03-25,CUST-0045,인천,전자기기,모니터,store,1,79000,0,bank_transfer,false
ORD-002749,2026-03-25,CUST-0306,대전,전자기기,키보드,web,5,79000,5000,bank_transfer,true
ORD-002750,2026-03-25,CUST-0098,부산,식품,비타민음료,store,2,11000,1000,bank_transfer,false
ORD-002751,2026-03-25,CUST-0312,서울,패션,자켓,mobile,4,89000,0,coupon,true
ORD-002752,2026-03-25,CUST-0397,경기,생활용품,수납박스,mobile,5,37000,1000,card,false
ORD-002753,2026-03-25,CUST-0037,인천,전자기기,모니터,mobile,3,150000,0,card,true
ORD-002754,2026-03-25,CUST-0493,대전,스포츠,운동밴드,web,4,12000,5000,point,false
ORD-002755,2026-03-25,CUST-0019,광주,전자기기,마우스,web,4,79000,0,point,false
ORD-002756,2026-03-25,CUST-0374,대전,식품,커피,web,3,18000,2000,point,false
ORD-002757,2026-03-25,CUST-0128,광주,생활용품,책상조명,store,5,23000,1000,card,false
ORD-002758,2026-03-25,CUST-0146,서울,생활용품,수납박스,store,4,37000,0,bank_transfer,false
ORD-002759,2026-03-25,CUST-0142,서울,전자기기,마우스,web,3,79000,0,bank_transfer,true
ORD-002760,2026-03-25,CUST-0202,인천,도서,클라우드입문,web,2,15000,2000,card,false
ORD-002761,2026-03-25,CUST-0338,대구,도서,보안개론,store,3,35000,5000,card,false
ORD-002762,2026-03-25,CUST-0047,대구,도서,네트워크실습,mobile,2,28000,2000,coupon,false
ORD-002763,2026-03-25,CUST-0068,경기,스포츠,덤벨,web,2,24000,0,bank_transfer,false
ORD-002764,2026-03-25,CUST-0465,광주,식품,비타민음료,web,3,18000,0,coupon,true
ORD-002765,2026-03-25,CUST-0022,대전,생활용품,수납박스,store,1,37000,2000,card,false
ORD-002766,2026-03-25,CUST-0103,대전,식품,커피,web,2,18000,0,coupon,false
ORD-002767,2026-03-25,CUST-0284,부산,생활용품,수납박스,store,3,9000,2000,card,false
ORD-002768,2026-03-25,CUST-0058,광주,패션,운동화,store,2,129000,0,coupon,false
ORD-002769,2026-03-25,CUST-0161,경기,전자기기,마우스,store,2,150000,0,coupon,false
ORD-002770,2026-03-25,CUST-0365,부산,스포츠,요가매트,mobile,4,59000,0,coupon,false
ORD-002771,2026-03-25,CUST-0385,서울,스포츠,요가매트,mobile,2,24000,0,coupon,false
ORD-002772,2026-03-25,CUST-0216,인천,스포츠,요가매트,mobile,2,39000,2000,coupon,false
ORD-002773,2026-03-25,CUST-0360,인천,생활용품,텀블러,store,2,37000,0,coupon,false
ORD-002774,2026-03-25,CUST-0038,대전,전자기기,마우스,store,1,45000,0,point,false
ORD-002775,2026-03-26,CUST-0111,대구,도서,보안개론,store,5,35000,1000,coupon,false
ORD-002776,2026-03-26,CUST-0203,대구,전자기기,마우스,web,4,25000,0,coupon,false
ORD-002777,2026-03-26,CUST-0455,대전,전자기기,마우스,web,2,25000,5000,coupon,true
ORD-002778,2026-03-26,CUST-0023,광주,패션,티셔츠,web,1,19000,0,bank_transfer,true
ORD-002779,2026-03-26,CUST-0012,광주,전자기기,키보드,mobile,2,25000,0,point,false
ORD-002780,2026-03-26,CUST-0357,광주,도서,파이썬기초,mobile,3,35000,2000,bank_transfer,false
ORD-002781,2026-03-26,CUST-0320,대전,전자기기,USB허브,store,4,45000,0,coupon,false
ORD-002782,2026-03-26,CUST-0339,부산,전자기기,키보드,mobile,3,150000,1000,point,false
ORD-002783,2026-03-26,CUST-0493,광주,스포츠,덤벨,mobile,3,12000,0,point,true
ORD-002784,2026-03-26,CUST-0323,광주,패션,운동화,web,1,19000,2000,coupon,false
ORD-002785,2026-03-26,CUST-0204,대구,패션,자켓,web,3,49000,0,bank_transfer,false
ORD-002786,2026-03-26,CUST-0254,서울,식품,견과류,mobile,1,11000,1000,coupon,true
ORD-002787,2026-03-26,CUST-0431,경기,생활용품,수납박스,mobile,4,15000,0,coupon,false
ORD-002788,2026-03-26,CUST-0388,대구,전자기기,모니터,mobile,3,25000,1000,card,false
ORD-002789,2026-03-26,CUST-0187,서울,도서,파이썬기초,web,1,28000,0,point,true
ORD-002790,2026-03-26,CUST-0217,대구,도서,클라우드입문,web,4,15000,0,point,false
ORD-002791,2026-03-26,CUST-0032,부산,생활용품,수납박스,web,5,23000,1000,bank_transfer,true
ORD-002792,2026-03-26,CUST-0168,부산,패션,자켓,mobile,2,19000,0,point,true
ORD-002793,2026-03-26,CUST-0349,인천,전자기기,모니터,mobile,3,79000,0,coupon,false
ORD-002794,2026-03-26,CUST-0478,대전,식품,커피,web,4,18000,0,coupon,true
ORD-002795,2026-03-27,CUST-0170,대구,스포츠,운동밴드,web,5,59000,0,bank_transfer,false
ORD-002796,2026-03-27,CUST-0236,대구,도서,보안개론,store,3,35000,5000,card,true
ORD-002797,2026-03-27,CUST-0434,대구,패션,가방,store,2,19000,0,card,false
ORD-002798,2026-03-27,CUST-0289,경기,식품,견과류,web,1,11000,5000,card,false
ORD-002799,2026-03-27,CUST-0098,인천,식품,견과류,web,4,26000,0,coupon,false
ORD-002800,2026-03-27,CUST-0133,서울,도서,파이썬기초,web,5,22000,1000,bank_transfer,false
ORD-002801,2026-03-27,CUST-0317,인천,패션,운동화,store,4,49000,1000,bank_transfer,false
ORD-002802,2026-03-27,CUST-0478,대전,패션,운동화,web,4,129000,0,bank_transfer,true
ORD-002803,2026-03-27,CUST-0352,경기,스포츠,운동밴드,web,1,24000,0,card,false
ORD-002804,2026-03-27,CUST-0117,인천,패션,티셔츠,web,4,19000,2000,point,false
ORD-002805,2026-03-27,CUST-0310,광주,패션,운동화,store,3,49000,1000,bank_transfer,false
ORD-002806,2026-03-27,CUST-0169,인천,식품,커피,mobile,3,26000,0,point,false
ORD-002807,2026-03-27,CUST-0292,대전,도서,네트워크실습,store,4,15000,0,card,false
ORD-002808,2026-03-27,CUST-0404,부산,도서,파이썬기초,web,1,15000,0,bank_transfer,false
ORD-002809,2026-03-27,CUST-0468,경기,스포츠,덤벨,mobile,4,24000,5000,coupon,false
ORD-002810,2026-03-27,CUST-0454,대전,생활용품,청소도구,store,2,15000,0,card,false
ORD-002811,2026-03-27,CUST-0002,경기,생활용품,청소도구,store,4,23000,0,point,false
ORD-002812,2026-03-27,CUST-0161,경기,전자기기,키보드,store,1,150000,0,point,true
ORD-002813,2026-03-27,CUST-0406,대전,도서,보안개론,mobile,1,15000,5000,card,false
ORD-002814,2026-03-27,CUST-0243,인천,도서,네트워크실습,mobile,1,28000,5000,bank_transfer,false
ORD-002815,2026-03-27,CUST-0475,서울,생활용품,청소도구,mobile,2,37000,0,bank_transfer,true
ORD-002816,2026-03-27,CUST-0340,부산,전자기기,무선이어폰,store,4,45000,0,coupon,true
ORD-002817,2026-03-27,CUST-0137,부산,패션,가방,store,3,19000,2000,coupon,false
ORD-002818,2026-03-27,CUST-0358,인천,스포츠,덤벨,store,5,12000,0,coupon,true
ORD-002819,2026-03-27,CUST-0219,서울,스포츠,운동밴드,store,3,12000,2000,point,true
ORD-002820,2026-03-27,CUST-0074,인천,패션,티셔츠,mobile,5,89000,5000,coupon,false
ORD-002821,2026-03-27,CUST-0500,광주,패션,운동화,mobile,2,49000,5000,coupon,false
ORD-002822,2026-03-27,CUST-0300,대전,전자기기,키보드,store,2,25000,5000,card,true
ORD-002823,2026-03-27,CUST-0478,부산,스포츠,요가매트,web,5,39000,0,point,true
ORD-002824,2026-03-27,CUST-0224,대전,전자기기,무선이어폰,store,2,25000,5000,bank_transfer,false
ORD-002825,2026-03-27,CUST-0424,대전,도서,파이썬기초,web,4,28000,0,point,false
ORD-002826,2026-03-27,CUST-0270,경기,생활용품,청소도구,web,1,37000,2000,bank_transfer,true
ORD-002827,2026-03-27,CUST-0498,인천,생활용품,청소도구,mobile,3,9000,5000,card,true
ORD-002828,2026-03-28,CUST-0358,대전,식품,커피,mobile,1,26000,5000,point,false
ORD-002829,2026-03-28,CUST-0498,인천,생활용품,책상조명,mobile,5,37000,2000,coupon,true
ORD-002830,2026-03-28,CUST-0320,부산,전자기기,마우스,store,4,320000,5000,coupon,false
ORD-002831,2026-03-28,CUST-0104,대구,도서,파이썬기초,web,5,15000,1000,card,false
ORD-002832,2026-03-28,CUST-0206,경기,식품,커피,web,4,11000,0,card,false
ORD-002833,2026-03-28,CUST-0351,광주,생활용품,책상조명,mobile,3,23000,5000,point,false
ORD-002834,2026-03-28,CUST-0455,대구,패션,가방,mobile,3,129000,0,card,false
ORD-002835,2026-03-28,CUST-0004,서울,도서,보안개론,mobile,4,35000,0,coupon,false
ORD-002836,2026-03-28,CUST-0183,서울,패션,가방,mobile,3,49000,5000,coupon,false
ORD-002837,2026-03-28,CUST-0457,부산,패션,자켓,mobile,1,89000,0,point,false
ORD-002838,2026-03-28,CUST-0003,경기,전자기기,USB허브,web,5,320000,1000,bank_transfer,false
ORD-002839,2026-03-28,CUST-0429,부산,식품,비타민음료,mobile,1,26000,2000,card,false
ORD-002840,2026-03-28,CUST-0100,서울,스포츠,요가매트,store,1,59000,0,point,false
ORD-002841,2026-03-28,CUST-0032,경기,패션,운동화,web,5,49000,5000,point,false
ORD-002842,2026-03-28,CUST-0383,서울,스포츠,요가매트,web,1,24000,2000,point,false
ORD-002843,2026-03-28,CUST-0306,대구,스포츠,요가매트,store,1,59000,2000,coupon,false
ORD-002844,2026-03-28,CUST-0057,경기,도서,보안개론,mobile,2,28000,2000,coupon,false
ORD-002845,2026-03-28,CUST-0238,경기,식품,견과류,mobile,3,6000,0,coupon,false
ORD-002846,2026-03-28,CUST-0165,대구,스포츠,러닝벨트,store,5,39000,0,bank_transfer,true
ORD-002847,2026-03-28,CUST-0024,경기,식품,견과류,store,3,6000,2000,coupon,true
ORD-002848,2026-03-28,CUST-0334,인천,전자기기,키보드,web,3,320000,0,bank_transfer,false
ORD-002849,2026-03-28,CUST-0267,부산,전자기기,마우스,store,5,320000,0,card,false
ORD-002850,2026-03-28,CUST-0050,광주,생활용품,텀블러,store,2,23000,0,coupon,false
ORD-002851,2026-03-28,CUST-0236,부산,스포츠,러닝벨트,store,3,59000,2000,point,false
ORD-002852,2026-03-28,CUST-0466,대전,전자기기,마우스,store,5,25000,1000,bank_transfer,false
ORD-002853,2026-03-28,CUST-0448,대구,도서,클라우드입문,store,5,22000,0,point,true
ORD-002854,2026-03-28,CUST-0087,대구,전자기기,USB허브,web,2,150000,0,point,false
ORD-002855,2026-03-28,CUST-0430,대구,스포츠,러닝벨트,mobile,2,39000,1000,bank_transfer,false
ORD-002856,2026-03-28,CUST-0094,인천,전자기기,모니터,store,1,45000,1000,bank_transfer,false
ORD-002857,2026-03-28,CUST-0240,광주,스포츠,요가매트,store,1,39000,2000,bank_transfer,false
ORD-002858,2026-03-28,CUST-0160,대구,패션,운동화,store,3,129000,0,card,true
ORD-002859,2026-03-28,CUST-0113,대전,생활용품,텀블러,mobile,2,15000,1000,card,false
ORD-002860,2026-03-29,CUST-0348,인천,식품,커피,store,2,11000,0,card,false
ORD-002861,2026-03-29,CUST-0322,대전,전자기기,모니터,mobile,3,79000,5000,card,true
ORD-002862,2026-03-29,CUST-0361,부산,스포츠,운동밴드,web,4,59000,2000,coupon,false
ORD-002863,2026-03-29,CUST-0269,서울,생활용품,청소도구,store,3,23000,0,card,true
ORD-002864,2026-03-29,CUST-0299,서울,생활용품,텀블러,mobile,5,37000,0,coupon,false
ORD-002865,2026-03-29,CUST-0391,대전,식품,커피,store,3,18000,2000,coupon,true
ORD-002866,2026-03-29,CUST-0263,대구,도서,네트워크실습,mobile,5,22000,0,bank_transfer,true
ORD-002867,2026-03-29,CUST-0205,서울,식품,커피,web,1,11000,5000,bank_transfer,false
ORD-002868,2026-03-29,CUST-0015,대전,식품,비타민음료,mobile,2,6000,0,card,true
ORD-002869,2026-03-29,CUST-0268,대전,식품,커피,mobile,5,11000,5000,card,true
ORD-002870,2026-03-29,CUST-0199,대전,식품,간편식,store,4,6000,0,card,false
ORD-002871,2026-03-29,CUST-0247,인천,전자기기,무선이어폰,web,5,150000,0,bank_transfer,false
ORD-002872,2026-03-29,CUST-0340,인천,생활용품,텀블러,mobile,3,15000,5000,point,true
ORD-002873,2026-03-29,CUST-0023,대구,식품,비타민음료,mobile,2,6000,5000,point,false
ORD-002874,2026-03-29,CUST-0354,대구,생활용품,청소도구,web,2,15000,0,coupon,false
ORD-002875,2026-03-29,CUST-0052,부산,생활용품,텀블러,mobile,2,9000,5000,point,false
ORD-002876,2026-03-29,CUST-0184,경기,스포츠,요가매트,store,4,39000,5000,card,false
ORD-002877,2026-03-29,CUST-0135,서울,식품,비타민음료,mobile,5,11000,0,point,false
ORD-002878,2026-03-29,CUST-0158,대구,식품,간편식,web,1,6000,0,card,false
ORD-002879,2026-03-29,CUST-0275,대구,도서,파이썬기초,web,1,28000,0,point,false
ORD-002880,2026-03-29,CUST-0450,인천,스포츠,러닝벨트,mobile,1,12000,2000,coupon,false
ORD-002881,2026-03-29,CUST-0412,인천,식품,커피,store,2,11000,5000,point,false
ORD-002882,2026-03-29,CUST-0295,인천,패션,가방,mobile,3,89000,1000,card,false
ORD-002883,2026-03-29,CUST-0222,경기,도서,네트워크실습,web,3,35000,0,point,false
ORD-002884,2026-03-29,CUST-0445,서울,생활용품,텀블러,mobile,5,37000,5000,coupon,false
ORD-002885,2026-03-29,CUST-0340,대구,패션,가방,web,5,49000,5000,card,false
ORD-002886,2026-03-29,CUST-0425,서울,식품,비타민음료,mobile,1,11000,0,point,true
ORD-002887,2026-03-29,CUST-0154,서울,스포츠,운동밴드,mobile,2,24000,0,point,false
ORD-002888,2026-03-29,CUST-0299,대구,전자기기,USB허브,mobile,3,79000,2000,card,false
ORD-002889,2026-03-29,CUST-0364,부산,생활용품,텀블러,mobile,3,23000,1000,bank_transfer,false
ORD-002890,2026-03-29,CUST-0146,대전,스포츠,요가매트,web,5,39000,0,coupon,true
ORD-002891,2026-03-29,CUST-0173,서울,패션,티셔츠,web,1,129000,1000,bank_transfer,false
ORD-002892,2026-03-29,CUST-0037,대전,전자기기,USB허브,mobile,4,25000,2000,card,true
ORD-002893,2026-03-29,CUST-0362,광주,도서,보안개론,mobile,4,28000,1000,bank_transfer,false
ORD-002894,2026-03-30,CUST-0303,인천,생활용품,청소도구,store,1,23000,5000,bank_transfer,false
ORD-002895,2026-03-30,CUST-0416,경기,식품,비타민음료,mobile,2,18000,0,point,false
ORD-002896,2026-03-30,CUST-0457,경기,스포츠,요가매트,mobile,2,59000,0,coupon,true
ORD-002897,2026-03-30,CUST-0213,대구,생활용품,청소도구,mobile,5,9000,5000,card,false
ORD-002898,2026-03-30,CUST-0090,인천,전자기기,키보드,web,4,79000,0,bank_transfer,false
ORD-002899,2026-03-30,CUST-0279,서울,도서,파이썬기초,web,3,22000,2000,bank_transfer,true
ORD-002900,2026-03-30,CUST-0250,부산,스포츠,러닝벨트,store,5,59000,0,card,false
ORD-002901,2026-03-30,CUST-0077,대전,전자기기,모니터,mobile,5,150000,0,point,false
ORD-002902,2026-03-30,CUST-0085,경기,생활용품,수납박스,web,3,23000,0,point,true
ORD-002903,2026-03-30,CUST-0452,부산,전자기기,모니터,web,4,79000,0,coupon,false
ORD-002904,2026-03-30,CUST-0385,경기,전자기기,무선이어폰,mobile,4,320000,0,bank_transfer,false
ORD-002905,2026-03-30,CUST-0458,광주,전자기기,USB허브,store,3,320000,5000,point,false
ORD-002906,2026-03-30,CUST-0193,인천,패션,운동화,mobile,4,49000,5000,card,false
ORD-002907,2026-03-30,CUST-0002,경기,패션,티셔츠,store,2,19000,2000,point,false
ORD-002908,2026-03-30,CUST-0449,광주,패션,티셔츠,mobile,3,49000,0,coupon,false
ORD-002909,2026-03-30,CUST-0241,인천,도서,파이썬기초,web,5,22000,0,bank_transfer,false
ORD-002910,2026-03-30,CUST-0192,대전,전자기기,마우스,mobile,3,79000,1000,point,false
ORD-002911,2026-03-30,CUST-0134,대전,식품,간편식,store,3,11000,0,coupon,false
ORD-002912,2026-03-30,CUST-0448,대전,식품,비타민음료,web,2,18000,0,point,false
ORD-002913,2026-03-30,CUST-0254,대전,전자기기,USB허브,mobile,3,79000,0,coupon,false
ORD-002914,2026-03-30,CUST-0412,부산,전자기기,USB허브,store,1,45000,5000,card,true
ORD-002915,2026-03-30,CUST-0160,경기,전자기기,무선이어폰,store,4,320000,0,card,false
ORD-002916,2026-03-30,CUST-0247,광주,패션,티셔츠,mobile,3,19000,0,bank_transfer,false
ORD-002917,2026-03-30,CUST-0281,대구,스포츠,요가매트,web,4,12000,2000,card,false
ORD-002918,2026-03-30,CUST-0170,인천,식품,비타민음료,mobile,4,18000,0,card,false
ORD-002919,2026-03-30,CUST-0126,인천,생활용품,수납박스,store,4,15000,2000,card,false
ORD-002920,2026-03-30,CUST-0018,서울,패션,자켓,web,2,49000,0,bank_transfer,false
ORD-002921,2026-03-30,CUST-0466,대전,전자기기,키보드,web,4,320000,0,point,false
ORD-002922,2026-03-30,CUST-0404,경기,도서,파이썬기초,web,1,28000,0,coupon,false
ORD-002923,2026-03-30,CUST-0132,부산,생활용품,청소도구,store,1,9000,0,bank_transfer,false
ORD-002924,2026-03-30,CUST-0435,대전,전자기기,무선이어폰,store,4,150000,0,bank_transfer,false
ORD-002925,2026-03-30,CUST-0164,경기,도서,파이썬기초,store,3,22000,0,bank_transfer,false
ORD-002926,2026-03-30,CUST-0336,서울,도서,파이썬기초,web,3,15000,1000,card,false
ORD-002927,2026-03-30,CUST-0108,경기,전자기기,무선이어폰,store,3,45000,2000,card,false
ORD-002928,2026-03-30,CUST-0194,서울,도서,파이썬기초,web,3,22000,0,bank_transfer,true
ORD-002929,2026-03-30,CUST-0171,경기,도서,보안개론,web,4,28000,5000,point,false
ORD-002930,2026-03-30,CUST-0220,인천,도서,네트워크실습,web,3,28000,2000,bank_transfer,false
ORD-002931,2026-03-30,CUST-0382,서울,패션,가방,store,2,129000,0,point,false
ORD-002932,2026-03-30,CUST-0142,대전,도서,네트워크실습,store,4,35000,5000,point,false
ORD-002933,2026-03-30,CUST-0172,대전,도서,네트워크실습,web,3,22000,1000,coupon,false
ORD-002934,2026-03-30,CUST-0250,인천,생활용품,책상조명,mobile,5,23000,0,bank_transfer,false
ORD-002935,2026-03-30,CUST-0154,서울,패션,운동화,mobile,5,19000,1000,coupon,false
ORD-002936,2026-03-31,CUST-0082,부산,패션,운동화,mobile,4,49000,2000,point,false
ORD-002937,2026-03-31,CUST-0288,광주,생활용품,청소도구,store,2,23000,0,coupon,false
ORD-002938,2026-03-31,CUST-0450,대전,도서,보안개론,mobile,2,22000,0,coupon,false
ORD-002939,2026-03-31,CUST-0042,경기,식품,간편식,store,1,18000,0,coupon,false
ORD-002940,2026-03-31,CUST-0139,경기,스포츠,러닝벨트,store,5,24000,0,point,false
ORD-002941,2026-03-31,CUST-0014,대구,생활용품,책상조명,web,2,37000,5000,coupon,true
ORD-002942,2026-03-31,CUST-0328,경기,스포츠,덤벨,store,5,39000,1000,card,true
ORD-002943,2026-03-31,CUST-0043,서울,생활용품,수납박스,mobile,2,23000,5000,bank_transfer,true
ORD-002944,2026-03-31,CUST-0255,인천,스포츠,러닝벨트,web,1,12000,0,coupon,false
ORD-002945,2026-03-31,CUST-0397,인천,도서,네트워크실습,web,4,15000,5000,card,false
ORD-002946,2026-03-31,CUST-0285,경기,패션,가방,mobile,5,129000,5000,point,false
ORD-002947,2026-03-31,CUST-0204,인천,식품,간편식,web,2,6000,0,point,false
ORD-002948,2026-03-31,CUST-0430,경기,생활용품,청소도구,store,3,15000,5000,bank_transfer,false
ORD-002949,2026-03-31,CUST-0307,서울,생활용품,책상조명,mobile,4,23000,0,bank_transfer,false
ORD-002950,2026-03-31,CUST-0135,광주,스포츠,운동밴드,store,2,12000,1000,card,true
ORD-002951,2026-03-31,CUST-0368,부산,스포츠,요가매트,store,4,24000,5000,coupon,false
ORD-002952,2026-03-31,CUST-0211,대전,전자기기,USB허브,store,4,150000,5000,bank_transfer,false
ORD-002953,2026-03-31,CUST-0054,대구,도서,보안개론,web,5,22000,0,bank_transfer,false
ORD-002954,2026-03-31,CUST-0291,광주,패션,티셔츠,mobile,4,19000,5000,card,false
ORD-002955,2026-03-31,CUST-0111,대구,전자기기,키보드,store,2,45000,0,coupon,false
ORD-002956,2026-03-31,CUST-0024,인천,생활용품,텀블러,store,5,23000,0,point,false
ORD-002957,2026-03-31,CUST-0111,서울,전자기기,무선이어폰,web,4,25000,1000,point,true
ORD-002958,2026-03-31,CUST-0297,대전,식품,커피,store,4,6000,0,card,false
ORD-002959,2026-03-31,CUST-0272,광주,전자기기,무선이어폰,mobile,2,79000,0,coupon,false
ORD-002960,2026-03-31,CUST-0449,광주,전자기기,모니터,store,1,320000,5000,card,false
ORD-002961,2026-03-31,CUST-0257,대전,도서,보안개론,mobile,1,22000,0,point,false
ORD-002962,2026-03-31,CUST-0102,서울,식품,견과류,mobile,1,11000,0,card,false
ORD-002963,2026-03-31,CUST-0106,광주,스포츠,러닝벨트,mobile,4,12000,2000,card,false
ORD-002964,2026-03-31,CUST-0405,대구,전자기기,마우스,web,1,150000,5000,bank_transfer,false
ORD-002965,2026-03-31,CUST-0464,대구,도서,클라우드입문,store,1,28000,0,card,false
ORD-002966,2026-03-31,CUST-0431,광주,도서,클라우드입문,mobile,1,28000,0,point,false
ORD-002967,2026-03-31,CUST-0497,대구,패션,운동화,mobile,1,129000,2000,point,false
ORD-002968,2026-03-31,CUST-0037,경기,생활용품,청소도구,store,4,23000,0,card,true
ORD-002969,2026-03-31,CUST-0063,인천,전자기기,모니터,store,5,79000,0,point,false
ORD-002970,2026-03-31,CUST-0450,서울,도서,파이썬기초,web,1,22000,0,bank_transfer,false
ORD-002971,2026-03-31,CUST-0306,대전,전자기기,마우스,mobile,3,45000,0,bank_transfer,false
ORD-002972,2026-03-31,CUST-0173,경기,생활용품,수납박스,mobile,5,37000,0,bank_transfer,false
ORD-002973,2026-03-31,CUST-0325,부산,스포츠,러닝벨트,mobile,1,39000,0,coupon,false
ORD-002974,2026-03-31,CUST-0361,광주,스포츠,요가매트,mobile,5,59000,2000,point,true
ORD-002975,2026-03-31,CUST-0114,서울,생활용품,청소도구,web,5,23000,2000,point,true
ORD-002976,2026-03-31,CUST-0481,대전,전자기기,USB허브,mobile,4,79000,1000,bank_transfer,false
ORD-002977,2026-03-31,CUST-0327,대전,패션,자켓,web,2,89000,0,coupon,false
ORD-002978,2026-03-31,CUST-0208,부산,도서,네트워크실습,web,2,35000,5000,point,false
ORD-002979,2026-03-31,CUST-0043,부산,생활용품,수납박스,store,1,37000,5000,point,false
ORD-002980,2026-03-31,CUST-0441,경기,전자기기,키보드,mobile,4,25000,2000,card,false
